date,description,amount,balance,account_code,account_name,financial_year,period
2025-03-03,"Cheque Card Purchase - Clutch Brake (27 Feb)",-1518,,5001,"Cost of Goods Sold",2026,March 2025
2025-03-03,"Bolsa Third Party Payment - Pioneer Foods",11080.25,,4001,"Sales / Revenue",2026,March 2025
2025-03-04,"IB Payment To - Midas Part Center",-2216.49,,5001,"Cost of Goods Sold",2026,March 2025
2025-03-04,"Fee - Electronic Account Payment",-5.8,,6004,"Bank Charges",2026,March 2025
2025-03-05,"Credit Transfer - Invoice 2762",19587.38,,4001,"Sales / Revenue",2026,March 2025
2025-03-05,"Magtape Credit - Invoice 2764",1642.78,,4001,"Sales / Revenue",2026,March 2025
2025-03-06,"Cheque Card Purchase - Markham Paarl (04 Mar)",-315,,1702,"Director's Loan Account",2026,March 2025
2025-03-06,"Immediate Payment - A H Johnson",-15000,,6022,"Director's Remuneration",2026,March 2025
2025-03-06,"Fee - Immediate Payment",-50,,6004,"Bank Charges",2026,March 2025
2025-03-06,"Fee: Payment Confirm - SMS (A H Johnson)",-1.2,,6004,"Bank Charges",2026,March 2025
2025-03-06,"IB Payment From - Bothma Fencing",2665.71,,4001,"Sales / Revenue",2026,March 2025
2025-03-06,"Cheque Card Purchase - C*Die Visfabr (05 Mar)",-251.3,,1702,"Director's Loan Account",2026,March 2025
2025-03-07,"Credit Transfer - Alexander Rouvier Tr",3875.5,,4001,"Sales / Revenue",2026,March 2025
2025-03-07,"Cheque Card Purchase - Ultra Liquors (04 Mar)",-219.99,,1702,"Director's Loan Account",2026,March 2025
2025-03-07,"Other Bank ATM Cash Withdrawal - SBSA",-1200,,1702,"Director's Loan Account",2026,March 2025
2025-03-07,"Cheque Card Purchase - Autokolor Paarl (04 Mar)",-399.95,,5001,"Cost of Goods Sold",2026,March 2025
2025-03-07,"Cash Withdrawal Fee",-30.6,,6004,"Bank Charges",2026,March 2025
2025-03-08,"Fee: Electricity Purchase",-1.8,,6020,"Utilities",2026,March 2025
2025-03-08,"Cheque Card Purchase - IK *Hydraberg (06 Mar)",-98.67,,5001,"Cost of Goods Sold",2026,March 2025
2025-03-08,"Cheque Card Purchase - Spar Express (05 Mar)",-55,,1702,"Director's Loan Account",2026,March 2025
2025-03-08,"Cheque Card Purchase - Slagerij Van (06 Mar)",-178.54,,1702,"Director's Loan Account",2026,March 2025
2025-03-08,"Electricity Purchase",-100,,6020,"Utilities",2026,March 2025
2025-03-08,"Cheque Card Purchase - C*Diesel Elec (06 Mar)",-346.38,,5001,"Cost of Goods Sold",2026,March 2025
2025-03-08,"Cheque Card Purchase - Pet & Pool Paarl (06 Mar)",-499.95,,1702,"Director's Loan Account",2026,March 2025
2025-03-08,"Immediate Payment - Mr D Williams",-750,,6022,"Director's Remuneration",2026,March 2025
2025-03-08,"Fee: Payment Confirm - SMS (Mr D Williams)",-1.2,,6004,"Bank Charges",2026,March 2025
2025-03-08,"Fee - Immediate Payment",-10,,6004,"Bank Charges",2026,March 2025
2025-03-10,"Electricity Purchase",-500,,6020,"Utilities",2026,March 2025
2025-03-10,"Cheque Card Purchase - Engen Mbekweni (07 Mar)",-500,,6023,"Fuel / Petrol",2026,March 2025
2025-03-10,"Cheque Card Purchase - C*BP Paarl (07 Mar)",-205.84,,6023,"Fuel / Petrol",2026,March 2025
2025-03-10,"Fee: Electricity Purchase",-1.8,,6020,"Utilities",2026,March 2025
2025-03-11,"Fee - Electronic Account Payment",-5.8,,6004,"Bank Charges",2026,March 2025
2025-03-11,"IB Payment To - Dr Gustave Haai (Doctor)",-400,,1702,"Director's Loan Account",2026,March 2025
2025-03-11,"IB Payment To - Saldanha Baai Munisipaliteit (Liëntjies)",-1000,,1702,"Director's Loan Account",2026,March 2025
2025-03-11,"Cheque Card Purchase - C*Wynland Motors (08 Mar)",-800,,6011,"Motor Vehicle Expenses",2026,March 2025
2025-03-11,"Cheque Card Purchase - Boland Hair Studio (08 Mar)",-60,,1702,"Director's Loan Account",2026,March 2025
2025-03-11,"Fee: Payment Confirm - Email (Lisa)",-0.8,,6004,"Bank Charges",2026,March 2025
2025-03-11,"Fee - Electronic Account Payment",-5.8,,6004,"Bank Charges",2026,March 2025
2025-03-11,"Fee: Payment Confirm - Email (Dr Gustave Haai)",-0.8,,6004,"Bank Charges",2026,March 2025
2025-03-11,"Cheque Card Purchase - Game Paarl (08 Mar)",-300,,1702,"Director's Loan Account",2026,March 2025
2025-03-12,"Cheque Card Purchase - C*Franschhoek (11 Mar)",-41,,1702,"Director's Loan Account",2026,March 2025
2025-03-12,"IB Payment From - Quality Food Basket",2033.21,,4001,"Sales / Revenue",2026,March 2025
2025-03-12,"Cheque Card Purchase - Kaap Agri Paarl (10 Mar)",-320.25,,1702,"Director's Loan Account",2026,March 2025
2025-03-12,"Cheque Card Purchase - FLM Paarl (09 Mar)",-236.1,,1702,"Director's Loan Account",2026,March 2025
2025-03-12,"Cheque Card Purchase - HPY*Arfan Shop (08 Mar)",-100,,1702,"Director's Loan Account",2026,March 2025
2025-03-12,"Cheque Card Purchase - HPY*Arfan Shop (08 Mar)",-177,,1702,"Director's Loan Account",2026,March 2025
2025-03-13,"Fee: Payment Confirm - SMS (LMI Academy)",-1.2,,6004,"Bank Charges",2026,March 2025
2025-03-13,"Cheque Card Purchase - Yoco *South (11 Mar)",-287.5,,1702,"Director's Loan Account",2026,March 2025
2025-03-13,"Fee - Immediate Payment",-10,,6004,"Bank Charges",2026,March 2025
2025-03-13,"Cheque Card Purchase - C*Filco Parts (12 Mar)",-713.43,,5001,"Cost of Goods Sold",2026,March 2025
2025-03-13,"Cheque Card Purchase - SAC Trucks Paarl (10 Mar)",-964.8,,5001,"Cost of Goods Sold",2026,March 2025
2025-03-13,"Immediate Payment - LMI Academy",-800,,1702,"Director's Loan Account",2026,March 2025
2025-03-13,"Cheque Card Purchase - C*Diesel Elec (11 Mar)",-260.25,,5001,"Cost of Goods Sold",2026,March 2025
2025-03-14,"Credit Transfer - Malan Melkery",2651.33,,4001,"Sales / Revenue",2026,March 2025
2025-03-14,"Cheque Card Purchase - C*Fowkes Bros (13 Mar)",-36.74,,1702,"Director's Loan Account",2026,March 2025
2025-03-14,"Immediate Payment - Mr D Williams",-1400,,6022,"Director's Remuneration",2026,March 2025
2025-03-14,"Magtape Credit - D. Andrews",550,,4001,"Sales / Revenue",2026,March 2025
2025-03-14,"Fee - Immediate Payment",-10,,6004,"Bank Charges",2026,March 2025
2025-03-14,"Cheque Card Purchase - Malans Dairy (12 Mar)",-85,,1702,"Director's Loan Account",2026,March 2025
2025-03-14,"Fee: Payment Confirm - SMS (Mr D Williams)",-1.2,,6004,"Bank Charges",2026,March 2025
2025-03-14,"Cheque Card Purchase - C*Wynland Motors (12 Mar)",-500,,6011,"Motor Vehicle Expenses",2026,March 2025
2025-03-15,"Fee: Payment Confirm - SMS (Stream And Tech Pty)",-1.2,,6004,"Bank Charges",2026,March 2025
2025-03-15,"Fee - Immediate Payment",-10,,6004,"Bank Charges",2026,March 2025
2025-03-15,"Cheque Card Purchase - Masterparts Paarl (13 Mar)",-74.08,,5001,"Cost of Goods Sold",2026,March 2025
2025-03-15,"Immediate Payment - Stream And Tech Pty",-170,,1702,"Director's Loan Account",2026,March 2025
2025-03-15,"Cheque Card Purchase - C*Multi Spares (14 Mar)",-128.17,,5001,"Cost of Goods Sold",2026,March 2025
2025-03-15,"Cheque Card Purchase - AS Family Store (12 Mar)",-134.91,,1702,"Director's Loan Account",2026,March 2025
2025-03-17,"Cash Withdrawal Fee",-7.65,,6004,"Bank Charges",2026,March 2025
2025-03-17,"Other Bank ATM Cash Withdrawal - SBSA",-300,,1702,"Director's Loan Account",2026,March 2025
2025-03-17,"Cheque Card Purchase - C*Parkers Spar (14 Mar)",-1220,,1702,"Director's Loan Account",2026,March 2025
2025-03-18,"Magtape Credit - Alexander Rouvier Tr",3295.33,,4001,"Sales / Revenue",2026,March 2025
2025-03-18,"Cheque Card Purchase - C*Filco Parts (17 Mar)",-476.44,,5001,"Cost of Goods Sold",2026,March 2025
2025-03-19,"Cheque Card Purchase - C*BP Paarl (17 Mar)",-500,,6023,"Fuel / Petrol",2026,March 2025
2025-03-19,"Cheque Card Purchase - HPY*Arfan Shop (16 Mar)",-65,,1702,"Director's Loan Account",2026,March 2025
2025-03-19,"Credit Transfer - Hoekstra Fruit Farms",13461.75,,4001,"Sales / Revenue",2026,March 2025
2025-03-19,"Cheque Card Purchase - Ultra Liquors (15 Mar)",-511.96,,1702,"Director's Loan Account",2026,March 2025
2025-03-19,"Cheque Card Purchase - FLM Paarl (16 Mar)",-167.7,,1702,"Director's Loan Account",2026,March 2025
2025-03-19,"Cheque Card Purchase - Yoco *Evere (17 Mar)",-543.95,,1702,"Director's Loan Account",2026,March 2025
2025-03-19,"Cheque Card Purchase - Kaap Agri Paarl (17 Mar)",-160.11,,1702,"Director's Loan Account",2026,March 2025
2025-03-20,"Cheque Card Purchase - Dias Tavern (18 Mar)",-500,,1702,"Director's Loan Account",2026,March 2025
2025-03-20,"Cheque Card Purchase - Expressmark (17 Mar)",-48.97,,1702,"Director's Loan Account",2026,March 2025
2025-03-20,"Cheque Card Purchase - C*BP Paarl (18 Mar)",-600,,6023,"Fuel / Petrol",2026,March 2025
2025-03-22,"Other Bank ATM Cash Withdrawal - SBSA",-300,,1702,"Director's Loan Account",2026,March 2025
2025-03-22,"Cheque Card Purchase - CCN*Drakenstein (19 Mar)",-60,,1702,"Director's Loan Account",2026,March 2025
2025-03-22,"IB Payment To - Haygan Johnson",-150,,6022,"Director's Remuneration",2026,March 2025
2025-03-22,"Cheque Card Purchase - KFC Paarl Village (19 Mar)",-119.7,,1702,"Director's Loan Account",2026,March 2025
2025-03-22,"Cheque Card Purchase - C*Diesel Elec (19 Mar)",-487.39,,5001,"Cost of Goods Sold",2026,March 2025
2025-03-22,"Immediate Payment - Mr D Williams",-1000,,6022,"Director's Remuneration",2026,March 2025
2025-03-22,"Cheque Card Purchase - Kroff Cycles (18 Mar)",-72,,1702,"Director's Loan Account",2026,March 2025
2025-03-22,"Fee: Payment Confirm - SMS (Mr D Williams)",-1.2,,6004,"Bank Charges",2026,March 2025
2025-03-22,"Fee: Payment Confirm - SMS (Haygan Johnson)",-1.2,,6004,"Bank Charges",2026,March 2025
2025-03-22,"Fee - Electronic Account Payment",-5.8,,6004,"Bank Charges",2026,March 2025
2025-03-22,"Cash Withdrawal Fee",-7.65,,6004,"Bank Charges",2026,March 2025
2025-03-22,"Fee - Immediate Payment",-10,,6004,"Bank Charges",2026,March 2025
2025-03-22,"Cheque Card Purchase - Master Meats (19 Mar)",-38.9,,1702,"Director's Loan Account",2026,March 2025
2025-03-24,"Cheque Card Purchase - Checkers Paarl (20 Mar)",-914.6,,1702,"Director's Loan Account",2026,March 2025
2025-03-24,"Credit Transfer - Saturn Stainless Industries",2731.25,,4001,"Sales / Revenue",2026,March 2025
2025-03-24,"Cheque Card Purchase - Ultra Liquors (19 Mar)",-366.96,,1702,"Director's Loan Account",2026,March 2025
2025-03-24,"Cheque Card Purchase - C*Diesel Elec (20 Mar)",-101.58,,5001,"Cost of Goods Sold",2026,March 2025
2025-03-24,"Cheque Card Purchase - C*Diesel Elec (20 Mar)",-102.68,,5001,"Cost of Goods Sold",2026,March 2025
2025-03-24,"Magtape Credit - Wema Foods",897,,4001,"Sales / Revenue",2026,March 2025
2025-03-25,"Fee - Electronic Account Payment",-5.8,,6004,"Bank Charges",2026,March 2025
2025-03-25,"Cheque Card Purchase - Tops Paarl (21 Mar)",-280.49,,1702,"Director's Loan Account",2026,March 2025
2025-03-25,"Credit Life Protection",-106.54,,6008,"Insurance",2026,March 2025
2025-03-25,"Cheque Card Purchase - Yoco *Mega (22 Mar)",-70,,1702,"Director's Loan Account",2026,March 2025
2025-03-25,"Cheque Card Purchase - HPY*Arfan Shop (20 Mar)",-100,,1702,"Director's Loan Account",2026,March 2025
2025-03-25,"Cheque Card Purchase - KFC Worcester (22 Mar)",-235.3,,1702,"Director's Loan Account",2026,March 2025
2025-03-25,"Cheque Card Purchase - Tops Paarl (22 Mar)",-94.99,,1702,"Director's Loan Account",2026,March 2025
2025-03-25,"Cheque Card Purchase - Malmesbury Butchery (20 Mar)",-35.8,,1702,"Director's Loan Account",2026,March 2025
2025-03-25,"Cheque Card Purchase - Superspar Paarl (22 Mar)",-360.01,,1702,"Director's Loan Account",2026,March 2025
2025-03-25,"Overdraft Interest",-518.93,,6004,"Bank Charges",2026,March 2025
2025-03-25,"IB Payment From - Quality Food Basket",994.75,,4001,"Sales / Revenue",2026,March 2025
2025-03-25,"Fee: Payment Confirm - SMS (Paarl Tow In)",-1.2,,6004,"Bank Charges",2026,March 2025
2025-03-25,"Cheque Card Purchase - C*Cellars Paarl (23 Mar)",-225,,1702,"Director's Loan Account",2026,March 2025
2025-03-25,"IB Payment To - Paarl Tow In (Lucas van Lo)",-1250,,1702,"Director's Loan Account",2026,March 2025
2025-03-25,"Cheque Card Purchase - Expressmark (20 Mar)",-41.98,,1702,"Director's Loan Account",2026,March 2025
2025-03-26,"Cheque Card Purchase - Platinum Lounge (23 Mar)",-234,,1702,"Director's Loan Account",2026,March 2025
2025-03-26,"Cheque Card Purchase - C*BP Paarl (24 Mar)",-500,,6023,"Fuel / Petrol",2026,March 2025
2025-03-26,"Cheque Card Purchase - Clicks Paarl (24 Mar)",-149,,1702,"Director's Loan Account",2026,March 2025
2025-03-26,"Cheque Card Purchase - Drakenstein Municipal (23 Mar)",-60,,6020,"Utilities",2026,March 2025
2025-03-26,"Autobank Cash Withdrawal",-500,,1702,"Director's Loan Account",2026,March 2025
2025-03-26,"Cash Withdrawal Fee",-12.75,,6004,"Bank Charges",2026,March 2025
2025-03-26,"Interbank Credit Transfer - Hoekstra Fruit Farms",5474.01,,4001,"Sales / Revenue",2026,March 2025
2025-03-26,"Cheque Card Purchase - Bhuiyan Store (24 Mar)",-50,,1702,"Director's Loan Account",2026,March 2025
2025-03-26,"PayShap Payment From - Mandy Johnson",2000,,6022,"Director's Remuneration",2026,March 2025
2025-03-27,"Cheque Card Purchase - Game Paarl (25 Mar)",-500,,1702,"Director's Loan Account",2026,March 2025
2025-03-27,"Cheque Card Purchase - C*Fowkes Bros (25 Mar)",-30.88,,1702,"Director's Loan Account",2026,March 2025
2025-03-27,"Cheque Card Purchase - Specsavers Paarl (25 Mar)",-399,,1702,"Director's Loan Account",2026,March 2025
2025-03-28,"Immediate Payment - Mr D Williams",-1250,,6022,"Director's Remuneration",2026,March 2025
2025-03-28,"Cheque Card Purchase - Ultra Liquor (25 Mar)",-281.96,,1702,"Director's Loan Account",2026,March 2025
2025-03-28,"Electronic Banking Payment From - Abels Liquors",8269.08,,4001,"Sales / Revenue",2026,March 2025
2025-03-28,"Cheque Card Purchase - Masterparts Paarl (26 Mar)",-2108.19,,5001,"Cost of Goods Sold",2026,March 2025
2025-03-28,"Fee: Payment Confirm - SMS (Mr D Williams)",-1.2,,6004,"Bank Charges",2026,March 2025
2025-03-28,"Bolsa Third Party Payment - Pioneer Foods",10131.5,,4001,"Sales / Revenue",2026,March 2025
2025-03-28,"Fee - Immediate Payment",-10,,6004,"Bank Charges",2026,March 2025
2025-03-29,"Cheque Card Purchase - CC Fresh Express (27 Mar)",-465.68,,1702,"Director's Loan Account",2026,March 2025
2025-03-29,"Cheque Card Purchase - M and M Electrical (26 Mar)",-92,,5001,"Cost of Goods Sold",2026,March 2025
2025-03-29,"Cheque Card Purchase - Liquorshop (27 Mar)",-229.99,,1702,"Director's Loan Account",2026,March 2025
2025-03-31,"Fee: Unused Facility",-20.49,,6004,"Bank Charges",2026,March 2025
2025-03-31,"Cheque Card Purchase - Liquorshop (28 Mar)",-495.26,,1702,"Director's Loan Account",2026,March 2025
2025-03-31,"Fee: MyUpdates For Business",-51.5,,6004,"Bank Charges",2026,March 2025
2025-03-31,"Overdraft Service Fee",-90,,6004,"Bank Charges",2026,March 2025
2025-03-31,"Cheque Card Purchase - Yoco *Osman (28 Mar)",-110,,1702,"Director's Loan Account",2026,March 2025
2025-03-31,"Fee - Debit Order",-4,,6004,"Bank Charges",2026,March 2025
2025-03-31,"Cheque Card Purchase - Afrox Stikland (28 Mar)",-1708.23,,6023,"Fuel / Petrol",2026,March 2025
2025-03-31,"Cheque Card Purchase - Abels Liquors (28 Mar)",-220,,1702,"Director's Loan Account",2026,March 2025
2025-03-31,"Cheque Card Purchase - Kuhn Isuzu Truck (27 Mar)",-700,,6011,"Motor Vehicle Expenses",2026,March 2025
2025-03-31,"Fee - Debit Order",-4,,6004,"Bank Charges",2026,March 2025
2025-03-31,"Autobank Cash Withdrawal",-500,,1702,"Director's Loan Account",2026,March 2025
2025-03-31,"Monthly Management Fee",-9,,6004,"Bank Charges",2026,March 2025
2025-03-31,"Account Payment - Old Mutual Insure Premium",-1505.09,,6008,"Insurance",2026,March 2025
2025-03-31,"Cash Withdrawal Fee",-12.75,,6004,"Bank Charges",2026,March 2025
2025-03-31,"Fee - Debit Order",-4,,6004,"Bank Charges",2026,March 2025
2025-03-31,"Insurance Premium - Santam",-858,,6008,"Insurance",2026,March 2025
2025-03-31,"Telephone Account - Telkom Mobile",-630,,6018,"Telephone",2026,March 2025
2025-04-01,"Fee - Immediate Payment",-50,,6004,"Bank Charges",2026,April 2025
2025-04-01,"Cheque Card Purchase - Shell Gelderb (29 Mar)",-600,,6023,"Fuel / Petrol",2026,April 2025
2025-04-01,"JNL-1: Recognition of Isuzu D-MAX 4x4 LSE (MFC finance) - asset & loan liability",18437.41,,6030,"Finance Charges - Vehicle Loan",2026,JNL-1
2025-04-01,"JNL-1: Recognition of Isuzu D-MAX 4x4 LSE (MFC finance) - asset & loan liability",-696610.41,,2102,"MFC Vehicle Finance - Isuzu",2026,JNL-1
2025-04-01,"JNL-2: MFC instalment 2025-04-01 - interest portion (loan amortization)",-9926.7,,2102,"MFC Vehicle Finance - Isuzu",2026,JNL-2
2025-04-01,"Cheque Card Purchase - C*Die Visfabr (28 Mar)",-109.5,,1702,"Director's Loan Account",2026,April 2025
2025-04-01,"Fee: Payment Confirm - SMS (A H Johnson)",-1.2,,6004,"Bank Charges",2026,April 2025
2025-04-01,"Cheque Card Purchase - Spar Express (29 Mar)",-112.28,,1702,"Director's Loan Account",2026,April 2025
2025-04-01,"Fee - Debit Order",-4,,6004,"Bank Charges",2026,April 2025
2025-04-01,"JNL-2: MFC instalment 2025-04-01 - interest portion (loan amortization)",9926.7,,6030,"Finance Charges - Vehicle Loan",2026,JNL-2
2025-04-01,"JNL-1: Recognition of Isuzu D-MAX 4x4 LSE (MFC finance) - asset & loan liability",678173,,1511,"Motor Vehicles - Isuzu D-MAX (MFC)",2026,JNL-1
2025-04-01,"Real Time Transfer From - A J Forklift",2000,,4001,"Sales / Revenue",2026,April 2025
2025-04-01,"Account Payment - Ned/MFC Instalment",-13578.08,,2102,"MFC Vehicle Finance - Isuzu",2026,April 2025
2025-04-01,"Cheque Card Purchase - Boland Hair Studio (28 Mar)",-110,,1702,"Director's Loan Account",2026,April 2025
2025-04-01,"Immediate Payment - A H Johnson",-15000,,6022,"Director's Remuneration",2026,April 2025
2025-04-02,"Cheque Card Purchase - C*BP Paarl (31 Mar)",-500,,6023,"Fuel / Petrol",2026,April 2025
2025-04-02,"Fee: Electricity Purchase",-1.8,,6020,"Utilities",2026,April 2025
2025-04-02,"Cheque Card Purchase - Pet & Pool Paarl (30 Mar)",-149.95,,1702,"Director's Loan Account",2026,April 2025
2025-04-02,"Electricity Purchase",-100,,6020,"Utilities",2026,April 2025
2025-04-02,"Magtape Credit - Invoice 2783",2219.5,,4001,"Sales / Revenue",2026,April 2025
2025-04-02,"Cheque Card Purchase - PnP Express Paarl (30 Mar)",-57.5,,1702,"Director's Loan Account",2026,April 2025
2025-04-03,"Fee: Payment Confirm - SMS (Mr D Williams)",-1.2,,6004,"Bank Charges",2026,April 2025
2025-04-03,"Fee - Immediate Payment",-10,,6004,"Bank Charges",2026,April 2025
2025-04-03,"Bolsa Third Party Payment - Pioneer Foods",9298.33,,4001,"Sales / Revenue",2026,April 2025
2025-04-03,"Immediate Payment - Mr D Williams",-1000,,6022,"Director's Remuneration",2026,April 2025
2025-04-04,"IB Payment To - Oostenberg Chrome Satan Steel",-2070,,5001,"Cost of Goods Sold",2026,April 2025
2025-04-04,"Fee - Electronic Account Payment",-5.8,,6004,"Bank Charges",2026,April 2025
2025-04-04,"Cheque Card Purchase - Liquorshop (02 Apr)",-248.28,,1702,"Director's Loan Account",2026,April 2025
2025-04-04,"Fee - Electronic Account Payment",-5.8,,6004,"Bank Charges",2026,April 2025
2025-04-04,"Fee: Payment Confirm - SMS (Haygan Johnson)",-1.2,,6004,"Bank Charges",2026,April 2025
2025-04-04,"IB Payment To - Haygan Johnson",-200,,6022,"Director's Remuneration",2026,April 2025
2025-04-05,"Cheque Card Purchase - C*Filco Parts (04 Apr)",-239.43,,5001,"Cost of Goods Sold",2026,April 2025
2025-04-05,"Cheque Card Purchase - AS Family Store (02 Apr)",-401.49,,1702,"Director's Loan Account",2026,April 2025
2025-04-07,"Cash Withdrawal Fee",-25.5,,6004,"Bank Charges",2026,April 2025
2025-04-07,"Electricity Purchase",-500,,6020,"Utilities",2026,April 2025
2025-04-07,"Other Bank ATM Cash Withdrawal - SBSA",-1000,,1702,"Director's Loan Account",2026,April 2025
2025-04-07,"Cheque Card Purchase - Everest (04 Apr)",-2185,,1702,"Director's Loan Account",2026,April 2025
2025-04-07,"Cheque Card Purchase - IK *Hydraberg (04 Apr)",-1401.85,,5001,"Cost of Goods Sold",2026,April 2025
2025-04-07,"Other Bank ATM Cash Withdrawal - SBSA",-1000,,1702,"Director's Loan Account",2026,April 2025
2025-04-07,"Cash Withdrawal Fee",-25.5,,6004,"Bank Charges",2026,April 2025
2025-04-07,"Cheque Card Purchase - PnP Express Paarl",-23.9,,1702,"Director's Loan Account",2026,April 2025
2025-04-07,"Cheque Card Purchase - PnP Express Paarl (04 Apr)",-500,,1702,"Director's Loan Account",2026,April 2025
2025-04-07,"Fee: Electricity Purchase",-1.8,,6020,"Utilities",2026,April 2025
2025-04-07,"Cheque Card Purchase - IK *Tony's Turf (04 Apr)",-50,,1702,"Director's Loan Account",2026,April 2025
2025-04-08,"Cheque Card Purchase - Liquorshop Dr (05 Apr)",-661.27,,1702,"Director's Loan Account",2026,April 2025
2025-04-08,"Cheque Card Purchase - C*Cellars Paarl (06 Apr)",-180,,1702,"Director's Loan Account",2026,April 2025
2025-04-09,"Cheque Card Purchase - Platinum Lounge (06 Apr)",-125,,1702,"Director's Loan Account",2026,April 2025
2025-04-09,"Cheque Card Purchase - CC Fresh Express (06 Apr)",-93.93,,1702,"Director's Loan Account",2026,April 2025
2025-04-10,"Cheque Card Purchase - Markham Paarl (08 Apr)",-300,,1702,"Director's Loan Account",2026,April 2025
2025-04-10,"Credit Transfer - Saturn Stainless (Invoice 2786)",3018.75,,4001,"Sales / Revenue",2026,April 2025
2025-04-10,"Immediate Payment - Bearing World",-1483.44,,5001,"Cost of Goods Sold",2026,April 2025
2025-04-10,"Credit Transfer - Saturn Stainless (Invoice 2785)",22832.97,,4001,"Sales / Revenue",2026,April 2025
2025-04-10,"Real Time Transfer From - Franschhoek",4065.54,,4001,"Sales / Revenue",2026,April 2025
2025-04-10,"Fee: Payment Confirm - SMS (Bearing World)",-1.2,,5001,"Cost of Goods Sold",2026,April 2025
2025-04-10,"Fee - Immediate Payment",-10,,6004,"Bank Charges",2026,April 2025
2025-04-11,"IB Payment To - TVH Parts SA",-14941.67,,5001,"Cost of Goods Sold",2026,April 2025
2025-04-11,"Fee - Electronic Account Payment",-5.8,,6004,"Bank Charges",2026,April 2025
2025-04-11,"Fee: Payment Confirm - SMS (Mr D Williams)",-1.2,,6004,"Bank Charges",2026,April 2025
2025-04-11,"Cheque Card Purchase - Masterparts Paarl (09 Apr)",-181.29,,5001,"Cost of Goods Sold",2026,April 2025
2025-04-11,"Fee - Electronic Account Payment",-5.8,,6004,"Bank Charges",2026,April 2025
2025-04-11,"Fee: Payment Confirm - Email (TVH Parts SA)",-0.8,,5001,"Cost of Goods Sold",2026,April 2025
2025-04-11,"Immediate Payment - Mr D Williams",-1250,,6022,"Director's Remuneration",2026,April 2025
2025-04-11,"IB Payment To - Midas Part Center",-6597.19,,5001,"Cost of Goods Sold",2026,April 2025
2025-04-11,"Fee - Immediate Payment",-10,,6004,"Bank Charges",2026,April 2025
2025-04-12,"Cheque Card Purchase - AS Family Store (09 Apr)",-295.29,,1702,"Director's Loan Account",2026,April 2025
2025-04-12,"Cheque Card Purchase - Swartland Vis (10 Apr)",-59.5,,1702,"Director's Loan Account",2026,April 2025
2025-04-12,"Cheque Card Purchase - Yoco *South (10 Apr)",-701.5,,1702,"Director's Loan Account",2026,April 2025
2025-04-12,"Cash Withdrawal Fee",-15.3,,6004,"Bank Charges",2026,April 2025
2025-04-12,"Other Bank ATM Cash Withdrawal - SBSA",-550,,1702,"Director's Loan Account",2026,April 2025
2025-04-12,"Cheque Card Purchase - C*Wynland Motors (10 Apr)",-500,,6011,"Motor Vehicle Expenses",2026,April 2025
2025-04-14,"Cash Withdrawal Fee",-10.2,,6004,"Bank Charges",2026,April 2025
2025-04-14,"Cheque Card Purchase - Gecko Lounge (11 Apr)",-408,,1702,"Director's Loan Account",2026,April 2025
2025-04-14,"Autobank Cash Withdrawal",-1000,,1702,"Director's Loan Account",2026,April 2025
2025-04-14,"Autobank Cash Withdrawal",-350,,1702,"Director's Loan Account",2026,April 2025
2025-04-14,"Cash Withdrawal Fee",-25.5,,6004,"Bank Charges",2026,April 2025
2025-04-14,"Cheque Card Purchase - Tops Paarl (11 Apr)",-533.22,,1702,"Director's Loan Account",2026,April 2025
2025-04-14,"Cheque Card Purchase - Gecko Lounge (11 Apr)",-515,,1702,"Director's Loan Account",2026,April 2025
2025-04-14,"Cheque Card Purchase - Build It Boland (11 Apr)",-377.99,,1702,"Director's Loan Account",2026,April 2025
2025-04-15,"Cheque Card Purchase - Tops Paarl (12 Apr)",-350.33,,1702,"Director's Loan Account",2026,April 2025
2025-04-15,"Cheque Card Purchase - C*BP Paarl (13 Apr)",-500,,6023,"Fuel / Petrol",2026,April 2025
2025-04-16,"Cheque Card Purchase - Cranberry (13 Apr)",-50,,1702,"Director's Loan Account",2026,April 2025
2025-04-16,"Cheque Card Purchase - Superspar Paarl (14 Apr)",-250,,1702,"Director's Loan Account",2026,April 2025
2025-04-16,"Cheque Card Purchase - Checkers Somerset (13 Apr)",-207.24,,1702,"Director's Loan Account",2026,April 2025
2025-04-16,"Cheque Card Purchase - Spar Express (14 Apr)",-39.98,,1702,"Director's Loan Account",2026,April 2025
2025-04-16,"Cheque Card Purchase - Spar Express (14 Apr)",-55,,1702,"Director's Loan Account",2026,April 2025
2025-04-16,"Cheque Card Purchase - Superspar Paarl",-2.99,,1702,"Director's Loan Account",2026,April 2025
2025-04-16,"Cheque Card Purchase - Shell Gelderb (14 Apr)",-400,,6023,"Fuel / Petrol",2026,April 2025
2025-04-16,"Cheque Card Purchase - Barts Tavern (13 Apr)",-56,,1702,"Director's Loan Account",2026,April 2025
2025-04-16,"Cheque Card Purchase - Barts Tavern (13 Apr)",-55,,1702,"Director's Loan Account",2026,April 2025
2025-04-17,"Cash Withdrawal Fee",-12.75,,6004,"Bank Charges",2026,April 2025
2025-04-17,"Other Bank ATM Cash Withdrawal - SBSA",-500,,1702,"Director's Loan Account",2026,April 2025
2025-04-17,"Immediate Payment - Mr D Williams",-1000,,6022,"Director's Remuneration",2026,April 2025
2025-04-17,"Fee: Payment Confirm - SMS (Mr D Williams)",-1.2,,6004,"Bank Charges",2026,April 2025
2025-04-17,"Fee - Immediate Payment",-10,,6004,"Bank Charges",2026,April 2025
2025-04-17,"PayShap Payment From - F Cupido",5000,,4001,"Sales / Revenue",2026,April 2025
2025-04-19,"Other Bank ATM Balance Enquiry Fee",-11,,1702,"Director's Loan Account",2026,April 2025
2025-04-19,"Cash Withdrawal Fee",-15.3,,6004,"Bank Charges",2026,April 2025
2025-04-19,"IB Payment To - Mr RT Johnson (Reeve)",-1000,,6022,"Director's Remuneration",2026,April 2025
2025-04-19,"Other Bank ATM Cash Withdrawal - SBSA",-550,,1702,"Director's Loan Account",2026,April 2025
2025-04-19,"Cash Withdrawal Fee",-25.5,,6004,"Bank Charges",2026,April 2025
2025-04-19,"Fee - Electronic Account Payment",-5.8,,6004,"Bank Charges",2026,April 2025
2025-04-19,"Fee: Payment Confirm - SMS (Mr RT Johnson)",-1.2,,6004,"Bank Charges",2026,April 2025
2025-04-19,"Other Bank ATM Cash Withdrawal - SBSA",-1000,,1702,"Director's Loan Account",2026,April 2025
2025-04-22,"IB Payment To - Haygan Johnson",-200,,6022,"Director's Remuneration",2026,April 2025
2025-04-22,"Cheque Card Purchase - Swartland Vis (17 Apr)",-216,,1702,"Director's Loan Account",2026,April 2025
2025-04-22,"Cheque Card Purchase - Abels Liquors (17 Apr)",-330,,1702,"Director's Loan Account",2026,April 2025
2025-04-22,"Fee: Payment Confirm - SMS (Mr RT Johnson)",-1.2,,6004,"Bank Charges",2026,April 2025
2025-04-22,"Fee - Electronic Account Payment",-5.8,,6004,"Bank Charges",2026,April 2025
2025-04-22,"IB Payment To - Mr RT Johnson (Reeve)",-100,,6022,"Director's Remuneration",2026,April 2025
2025-04-22,"Fee - Electronic Account Payment",-5.8,,6004,"Bank Charges",2026,April 2025
2025-04-22,"Fee: Payment Confirm - SMS (Haygan Johnson)",-1.2,,6004,"Bank Charges",2026,April 2025
2025-04-23,"Cheque Card Purchase - Liquor One Stop (19 Apr)",-240,,1702,"Director's Loan Account",2026,April 2025
2025-04-23,"Cheque Card Purchase - OK Express (21 Apr)",-500,,1702,"Director's Loan Account",2026,April 2025
2025-04-23,"Cheque Card Purchase - Liquorshop (19 Apr)",-495.96,,1702,"Director's Loan Account",2026,April 2025
2025-04-23,"Cheque Card Purchase - Yoco *Leent (17 Apr)",-170,,1702,"Director's Loan Account",2026,April 2025
2025-04-23,"Cheque Card Purchase - Checkers West (19 Apr)",-356.61,,1702,"Director's Loan Account",2026,April 2025
2025-04-24,"Cheque Card Purchase - Spar Langebaan (19 Apr)",-267.59,,1702,"Director's Loan Account",2026,April 2025
2025-04-24,"Cheque Card Purchase - Spar Langebaan (18 Apr)",-263.02,,1702,"Director's Loan Account",2026,April 2025
2025-04-25,"IB Payment From - Ashley",3000,,4001,"Sales / Revenue",2026,April 2025
2025-04-25,"Overdraft Interest",-610.36,,6004,"Bank Charges",2026,April 2025
2025-04-25,"Magtape Credit - Wema Foods",2593.25,,4001,"Sales / Revenue",2026,April 2025
2025-04-25,"Fee: Payment Confirm - SMS (Mr D Williams)",-1.2,,6004,"Bank Charges",2026,April 2025
2025-04-25,"Fee - Immediate Payment",-10,,6004,"Bank Charges",2026,April 2025
2025-04-25,"Credit Life Protection",-124.6,,6008,"Insurance",2026,April 2025
2025-04-25,"Immediate Payment - Mr D Williams",-1000,,6022,"Director's Remuneration",2026,April 2025
2025-04-26,"Credit Transfer - ABSA Bank Polarama Wholesalers",3283.25,,4001,"Sales / Revenue",2026,April 2025
2025-04-29,"Cheque Card Purchase - C*BP Paarl (25 Apr)",-1000,,6023,"Fuel / Petrol",2026,April 2025
2025-04-30,"Fee - Debit Order",-4,,6004,"Bank Charges",2026,April 2025
2025-04-30,"Insurance Premium - Santam",-858,,6008,"Insurance",2026,April 2025
2025-04-30,"Overdraft Service Fee",-90,,6004,"Bank Charges",2026,April 2025
2025-04-30,"Fee: Unused Facility",-4.25,,6004,"Bank Charges",2026,April 2025
2025-04-30,"Fee: MyUpdates For Business",-36.5,,6004,"Bank Charges",2026,April 2025
2025-04-30,"Monthly Management Fee",-9,,6004,"Bank Charges",2026,April 2025
2025-04-30,"Debit Transfer - Old Mutual Insure Premium",-1505.09,,6008,"Insurance",2026,April 2025
2025-04-30,"Cheque Card Purchase - Waenhuiskrans (26 Apr)",-1330,,1702,"Director's Loan Account",2026,April 2025
2025-04-30,"Fee - Debit Order",-4,,6004,"Bank Charges",2026,April 2025
2025-05-02,"Fee - Debit Order",-4,,6004,"Bank Charges",2026,May 2025
2025-05-02,"Cheque Card Purchase - Yoco *Osman (29 Apr)",-55,,1702,"Director's Loan Account",2026,May 2025
2025-05-02,"Cheque Card Purchase - Superspar Paarl (29 Apr)",-142.21,,1702,"Director's Loan Account",2026,May 2025
2025-05-02,"Account Payment - Ned/MFC Instalment",-13578.08,,1702,"Director's Loan Account",2026,May 2025
2025-05-02,"Cheque Card Purchase - Ultra Liquor (26 Apr)",-542.95,,1702,"Director's Loan Account",2026,May 2025
2025-05-02,"Cheque Card Purchase - C*Wynland Motors (29 Apr)",-400,,6011,"Motor Vehicle Expenses",2026,May 2025
2025-05-02,"Cheque Card Purchase - Kaap Agri Paarl (29 Apr)",-211.98,,1702,"Director's Loan Account",2026,May 2025
2025-05-02,"RTD - Not Provided For (Ned/MFC Instalment reversal)",13578.08,,1702,"Director's Loan Account",2026,May 2025
2025-05-02,"Fee - Unpaid Item",-25,,6004,"Bank Charges",2026,May 2025
2025-05-05,"Other Bank ATM Cash Withdrawal - SBSA",-240,,1702,"Director's Loan Account",2026,May 2025
2025-05-05,"Cheque Card Purchase - HPY*Arfan Shop (01 May)",-52,,1702,"Director's Loan Account",2026,May 2025
2025-05-05,"Cash Withdrawal Fee",-7.65,,6004,"Bank Charges",2026,May 2025
2025-05-05,"Cheque Card Purchase - OK Foods Paarl (30 Apr)",-331.66,,1702,"Director's Loan Account",2026,May 2025
2025-05-05,"Cheque Card Purchase - OK Liquor Paarl (30 Apr)",-252.98,,1702,"Director's Loan Account",2026,May 2025
2025-05-06,"PayShap Payment From - Marco Bowers",2000,,4001,"Sales / Revenue",2026,May 2025
2025-05-07,"Cheque Card Purchase - OK Liquor Paarl (03 May)",-234.99,,1702,"Director's Loan Account",2026,May 2025
2025-05-07,"Credit Transfer - Alexander Rouvier Tr",2167.75,,4001,"Sales / Revenue",2026,May 2025
2025-05-07,"Credit Transfer - Hoekstra Fruit Farms",18238.44,,4001,"Sales / Revenue",2026,May 2025
2025-05-08,"Cheque Card Purchase - Drakenstein Municipal (06 May)",-50,,6020,"Utilities",2026,May 2025
2025-05-08,"Fee: Electricity Purchase",-1.8,,6020,"Utilities",2026,May 2025
2025-05-08,"Immediate Payment - Midas Part Center",-3942.07,,5001,"Cost of Goods Sold",2026,May 2025
2025-05-08,"Cheque Card Purchase - Engen Drakenstein (06 May)",-400,,6023,"Fuel / Petrol",2026,May 2025
2025-05-08,"Fee - Immediate Payment",-50,,6004,"Bank Charges",2026,May 2025
2025-05-08,"Electricity Purchase",-100,,6020,"Utilities",2026,May 2025
2025-05-08,"Cheque Card Purchase - Superspar Paarl (06 May)",-586.74,,1702,"Director's Loan Account",2026,May 2025
2025-05-08,"Cheque Card Purchase - C*OK Express (07 May)",-57.94,,1702,"Director's Loan Account",2026,May 2025
2025-05-09,"Cheque Card Purchase - C*Cathmar TV (08 May)",-79,,1702,"Director's Loan Account",2026,May 2025
2025-05-09,"Cheque Card Purchase - HPY*Arfan Shop (06 May)",-134,,1702,"Director's Loan Account",2026,May 2025
2025-05-09,"Cheque Card Purchase - Tops Paarl (07 May)",-309.32,,1702,"Director's Loan Account",2026,May 2025
2025-05-09,"Immediate Payment - Mr D Williams",-1250,,6022,"Director's Remuneration",2026,May 2025
2025-05-09,"Cheque Card Purchase - Superspar Paarl (07 May)",-100,,1702,"Director's Loan Account",2026,May 2025
2025-05-09,"Fee: Payment Confirm - SMS (Mr D Williams)",-1.2,,6004,"Bank Charges",2026,May 2025
2025-05-09,"Cheque Card Purchase - Superspar Paarl",-100.45,,1702,"Director's Loan Account",2026,May 2025
2025-05-09,"Fee - Immediate Payment",-10,,6004,"Bank Charges",2026,May 2025
2025-05-10,"JNL-3: MFC instalment 2025-05-10 - interest portion (loan amortization)",9874.67,,6030,"Finance Charges - Vehicle Loan",2026,JNL-3
2025-05-10,"Cheque Card Purchase - Micro Robotic (08 May)",-147.2,,5001,"Cost of Goods Sold",2026,May 2025
2025-05-10,"Cheque Card Purchase - Micro Robotic (08 May)",-218.5,,5001,"Cost of Goods Sold",2026,May 2025
2025-05-10,"Cheque Card Purchase - S2S*Mollaente (08 May)",-91,,1702,"Director's Loan Account",2026,May 2025
2025-05-10,"Account Payment - Ned/MFC Agreed Instalment",-13578.08,,2102,"MFC Vehicle Finance - Isuzu",2026,May 2025
2025-05-10,"Fee - Debit Order",-4,,6004,"Bank Charges",2026,May 2025
2025-05-10,"JNL-3: MFC instalment 2025-05-10 - interest portion (loan amortization)",-9874.67,,2102,"MFC Vehicle Finance - Isuzu",2026,JNL-3
2025-05-10,"Cheque Card Purchase - C*BP Paarl (08 May)",-500,,6023,"Fuel / Petrol",2026,May 2025
2025-05-12,"Credit Transfer - Cashfocus Agrimark Operations",12137.11,,4001,"Sales / Revenue",2026,May 2025
2025-05-12,"Cheque Card Purchase - Tops Paarl (09 May)",-685.31,,1702,"Director's Loan Account",2026,May 2025
2025-05-12,"Fee: Electricity Purchase",-1.2,,6020,"Utilities",2026,May 2025
2025-05-12,"Cash Withdrawal Fee",-10.2,,6004,"Bank Charges",2026,May 2025
2025-05-12,"Fee - POS Declined Insufficient Funds (Paulos Piz)",-5,,6004,"Bank Charges",2026,May 2025
2025-05-12,"PayShap Payment From - Marco Bowers",1200,,4001,"Sales / Revenue",2026,May 2025
2025-05-12,"Fee - POS Declined Insufficient Funds (Paulos Piz)",-5,,6004,"Bank Charges",2026,May 2025
2025-05-12,"Other Bank ATM Cash Withdrawal - SBSA",-350,,1702,"Director's Loan Account",2026,May 2025
2025-05-12,"Cheque Card Purchase - C*BP Paarl (09 May)",-400,,6023,"Fuel / Petrol",2026,May 2025
2025-05-12,"Electricity Purchase",-50,,6020,"Utilities",2026,May 2025
2025-05-13,"Bolsa Third Party Payment - Pioneer Foods",41716.25,,4001,"Sales / Revenue",2026,May 2025
2025-05-13,"Cheque Card Purchase - Superspar Paarl (10 May)",-95.48,,1702,"Director's Loan Account",2026,May 2025
2025-05-14,"IB Payment To - Paarl Tow In (Klein Das Bo)",-3000,,1702,"Director's Loan Account",2026,May 2025
2025-05-14,"IB Payment To - Bearing World",-861.44,,5001,"Cost of Goods Sold",2026,May 2025
2025-05-14,"Fee - Electronic Account Payment",-5.8,,6004,"Bank Charges",2026,May 2025
2025-05-14,"Fee: Payment Confirm - SMS (A H Johnson)",-1.2,,6004,"Bank Charges",2026,May 2025
2025-05-14,"IB Payment To - J.Schipper & Sons Sasko",-7000,,1702,"Director's Loan Account",2026,May 2025
2025-05-14,"Fee: Payment Confirm - Email (J.Schipper & Sons)",-0.8,,6004,"Bank Charges",2026,May 2025
2025-05-14,"Immediate Payment - A H Johnson",-15000,,6022,"Director's Remuneration",2026,May 2025
2025-05-14,"Electronic Banking Payment From - Abels Liquors",1509.38,,4001,"Sales / Revenue",2026,May 2025
2025-05-14,"Fee: Payment Confirm - SMS (Bearing World)",-1.2,,5001,"Cost of Goods Sold",2026,May 2025
2025-05-14,"Fee - Immediate Payment",-50,,6004,"Bank Charges",2026,May 2025
2025-05-14,"Electronic Banking Payment From - Abels Liquors",3243.58,,4001,"Sales / Revenue",2026,May 2025
2025-05-14,"Cheque Card Purchase - Superspar Paarl (11 May)",-294.47,,1702,"Director's Loan Account",2026,May 2025
2025-05-14,"Fee - Electronic Account Payment",-5.8,,6004,"Bank Charges",2026,May 2025
2025-05-14,"Fee - Electronic Account Payment",-5.8,,6004,"Bank Charges",2026,May 2025
2025-05-14,"Fee: Payment Confirm - SMS (Paarl Tow In)",-1.2,,6004,"Bank Charges",2026,May 2025
2025-05-14,"Credit Transfer - Cashfocus 2800 Agrimark",5428.58,,4001,"Sales / Revenue",2026,May 2025
2025-05-15,"Cheque Card Purchase - Drakenstein Municipal (13 May)",-2500,,6020,"Utilities",2026,May 2025
2025-05-15,"Cheque Card Purchase - Drakenstein Municipal (13 May)",-300,,6020,"Utilities",2026,May 2025
2025-05-15,"Cheque Card Purchase - C*BP Paarl (13 May)",-500,,6023,"Fuel / Petrol",2026,May 2025
2025-05-15,"Cheque Card Purchase - Boland Hair Studio (13 May)",-260,,1702,"Director's Loan Account",2026,May 2025
2025-05-15,"Cheque Card Purchase - Markham Paarl (13 May)",-384,,1702,"Director's Loan Account",2026,May 2025
2025-05-15,"Cash Withdrawal Fee",-25.5,,6004,"Bank Charges",2026,May 2025
2025-05-15,"Cheque Card Purchase - Specsavers (13 May)",-399,,1702,"Director's Loan Account",2026,May 2025
2025-05-15,"Other Bank ATM Cash Withdrawal - SBSA",-1000,,1702,"Director's Loan Account",2026,May 2025
2025-05-15,"Other Bank ATM Cash Withdrawal - SBSA",-1000,,1702,"Director's Loan Account",2026,May 2025
2025-05-15,"Cash Withdrawal Fee",-25.5,,6004,"Bank Charges",2026,May 2025
2025-05-16,"Fee: Payment Confirm - SMS (Mr D Williams)",-1.2,,6004,"Bank Charges",2026,May 2025
2025-05-16,"Cheque Card Purchase - Ultra Liquor (13 May)",-439.97,,1702,"Director's Loan Account",2026,May 2025
2025-05-16,"Cheque Card Purchase - Superspar Paarl (13 May)",-1166.78,,1702,"Director's Loan Account",2026,May 2025
2025-05-16,"Cheque Card Purchase - Swartland Vis (14 May)",-48,,1702,"Director's Loan Account",2026,May 2025
2025-05-16,"PayShap Payment To - Salary",-1250,,6022,"Director's Remuneration",2026,May 2025
2025-05-16,"Cheque Card Purchase - Huguenot Tunnel",-53,,6025,"Toll Gate Fees",2026,May 2025
2025-05-16,"Cheque Card Purchase - Huguenot Tunnel",-53,,6025,"Toll Gate Fees",2026,May 2025
2025-05-16,"Cheque Card Purchase - Masterparts Paarl (14 May)",-322.77,,5001,"Cost of Goods Sold",2026,May 2025
2025-05-16,"Fee: PayShap Payment",-13,,6004,"Bank Charges",2026,May 2025
2025-05-16,"Real Time Transfer From - Ashley Forklift",6331.33,,4001,"Sales / Revenue",2026,May 2025
2025-05-17,"Cheque Card Purchase - Paarl Exhaust (15 May)",-1290,,6011,"Motor Vehicle Expenses",2026,May 2025
2025-05-17,"Cheque Card Purchase - IK *Hydraberg (15 May)",-925.75,,5001,"Cost of Goods Sold",2026,May 2025
2025-05-17,"Cheque Card Purchase - C*Cellars Paarl (16 May)",-465,,1702,"Director's Loan Account",2026,May 2025
2025-05-17,"Cheque Card Purchase - The Village (14 May)",-394,,1702,"Director's Loan Account",2026,May 2025
2025-05-17,"Cheque Card Purchase - Allseal Paarl (14 May)",-240.03,,5001,"Cost of Goods Sold",2026,May 2025
2025-05-19,"Fee - Electronic Account Payment",-5.8,,6004,"Bank Charges",2026,May 2025
2025-05-19,"Other Bank ATM Cash Withdrawal - SBSA",-300,,1702,"Director's Loan Account",2026,May 2025
2025-05-19,"Fee: Payment Confirm - SMS (Haygan Johnson)",-1.2,,6004,"Bank Charges",2026,May 2025
2025-05-19,"Cheque Card Purchase - C*Cellars Paarl (16 May)",-335,,1702,"Director's Loan Account",2026,May 2025
2025-05-19,"Cheque Card Purchase - AP *Taye Ente (16 May)",-500,,1702,"Director's Loan Account",2026,May 2025
2025-05-19,"Cheque Card Purchase - AS Family Store (15 May)",-783.66,,1702,"Director's Loan Account",2026,May 2025
2025-05-19,"IB Payment To - Haygan Johnson",-300,,6022,"Director's Remuneration",2026,May 2025
2025-05-19,"Cheque Card Purchase - C*Wynland Motors (16 May)",-500,,6011,"Motor Vehicle Expenses",2026,May 2025
2025-05-19,"Cash Withdrawal Fee",-7.65,,6004,"Bank Charges",2026,May 2025
2025-05-20,"Cheque Card Purchase - Superspar Paarl (17 May)",-177.47,,1702,"Director's Loan Account",2026,May 2025
2025-05-20,"Cheque Card Purchase - Hollywood Bets (16 May)",-100,,1702,"Director's Loan Account",2026,May 2025
2025-05-20,"Cheque Card Purchase - Ultra Liquor (16 May)",-435.98,,1702,"Director's Loan Account",2026,May 2025
2025-05-20,"Cheque Card Purchase - AP *Taye Ente (16 May)",-500,,1702,"Director's Loan Account",2026,May 2025
2025-05-20,"Cheque Card Purchase - Engen Drakenstein (17 May)",-500,,6023,"Fuel / Petrol",2026,May 2025
2025-05-20,"Cheque Card Purchase - C*Cellars Paarl (17 May)",-500,,1702,"Director's Loan Account",2026,May 2025
2025-05-21,"Cheque Card Purchase - Ocean Fisheries (19 May)",-50,,1702,"Director's Loan Account",2026,May 2025
2025-05-21,"Cheque Card Purchase - Yoco *Easte (19 May)",-40,,1702,"Director's Loan Account",2026,May 2025
2025-05-21,"Cheque Card Purchase - Platinum Lounge (17 May)",-500,,1702,"Director's Loan Account",2026,May 2025
2025-05-21,"Cheque Card Purchase - Superspar Paarl (18 May)",-281.97,,1702,"Director's Loan Account",2026,May 2025
2025-05-21,"Cheque Card Purchase - Platinum Lounge (17 May)",-500,,1702,"Director's Loan Account",2026,May 2025
2025-05-21,"Cheque Card Purchase - HPY*Arfan Shop (18 May)",-109,,1702,"Director's Loan Account",2026,May 2025
2025-05-21,"Cheque Card Purchase - C*Wynland Motors (19 May)",-600,,6011,"Motor Vehicle Expenses",2026,May 2025
2025-05-22,"Other Bank ATM Cash Withdrawal - SBSA",-1000,,1702,"Director's Loan Account",2026,May 2025
2025-05-22,"Cheque Card Purchase - Tops On Main (20 May)",-191.97,,1702,"Director's Loan Account",2026,May 2025
2025-05-22,"Cheque Card Purchase - IK *Hydraberg (20 May)",-908.5,,5001,"Cost of Goods Sold",2026,May 2025
2025-05-22,"Other Bank ATM Cash Withdrawal - SBSA",-500,,1702,"Director's Loan Account",2026,May 2025
2025-05-22,"Cheque Card Purchase - Kwikspar On Main",-500,,1702,"Director's Loan Account",2026,May 2025
2025-05-22,"Fee: Payment Confirm - SMS (Haygan Johnson)",-1.2,,6004,"Bank Charges",2026,May 2025
2025-05-22,"IB Payment To - Haygan Johnson",-200,,6022,"Director's Remuneration",2026,May 2025
2025-05-22,"Bolsa Third Party Payment - Klein Dasbosch",5098.71,,4001,"Sales / Revenue",2026,May 2025
2025-05-22,"Bolsa Third Party Payment - Klein Dasbosch",10000,,4001,"Sales / Revenue",2026,May 2025
2025-05-22,"Other Bank ATM Cash Withdrawal - SBSA",-1000,,1702,"Director's Loan Account",2026,May 2025
2025-05-22,"Cash Withdrawal Fee",-25.5,,6004,"Bank Charges",2026,May 2025
2025-05-22,"Fee - Electronic Account Payment",-5.8,,6004,"Bank Charges",2026,May 2025
2025-05-22,"Cash Withdrawal Fee",-25.5,,6004,"Bank Charges",2026,May 2025
2025-05-22,"Cheque Card Purchase - Kwikspar On Main (20 May)",-12.99,,1702,"Director's Loan Account",2026,May 2025
2025-05-22,"Cash Withdrawal Fee",-12.75,,6004,"Bank Charges",2026,May 2025
2025-05-23,"Cheque Card Purchase - Empire Meats (21 May)",-178.6,,1702,"Director's Loan Account",2026,May 2025
2025-05-23,"Fee: Payment Confirm - Email (J. Schipper & Sons)",-0.8,,6004,"Bank Charges",2026,May 2025
2025-05-23,"Cheque Card Purchase - Superspar Paarl (21 May)",-212.38,,1702,"Director's Loan Account",2026,May 2025
2025-05-23,"IB Payment To - J. Schipper & Sons Sasko",-3000,,1702,"Director's Loan Account",2026,May 2025
2025-05-23,"Electricity Purchase",-300,,6020,"Utilities",2026,May 2025
2025-05-23,"Fee - Electronic Account Payment",-5.8,,6004,"Bank Charges",2026,May 2025
2025-05-23,"Fee: Payment Confirm - SMS (Mr D Williams)",-1.2,,6004,"Bank Charges",2026,May 2025
2025-05-23,"Cheque Card Purchase - Brake and Clutch (21 May)",-100,,5001,"Cost of Goods Sold",2026,May 2025
2025-05-23,"Cheque Card Purchase - Allseal Paarl (20 May)",-75.44,,5001,"Cost of Goods Sold",2026,May 2025
2025-05-23,"Fee: Electricity Purchase",-1.8,,6020,"Utilities",2026,May 2025
2025-05-23,"Fee - Immediate Payment",-10,,6004,"Bank Charges",2026,May 2025
2025-05-23,"IB Payment To - J. Schipper & Sons Sasko",-6808.54,,1702,"Director's Loan Account",2026,May 2025
2025-05-23,"Fee - Electronic Account Payment",-5.8,,6004,"Bank Charges",2026,May 2025
2025-05-23,"Fee: Payment Confirm - Email (J. Schipper & Sons)",-0.8,,6004,"Bank Charges",2026,May 2025
2025-05-23,"Immediate Payment - Mr D Williams",-1250,,6022,"Director's Remuneration",2026,May 2025
2025-05-24,"Other Bank ATM Balance Enquiry Fee",-11,,1702,"Director's Loan Account",2026,May 2025
2025-05-24,"Credit Life Protection",-108,,6008,"Insurance",2026,May 2025
2025-05-24,"Cheque Card Purchase - Paarl Exhaust (21 May)",-1250,,6011,"Motor Vehicle Expenses",2026,May 2025
2025-05-24,"Cheque Card Purchase - C*Cellars Paarl (23 May)",-95,,1702,"Director's Loan Account",2026,May 2025
2025-05-24,"Cash Withdrawal Fee",-38.25,,6004,"Bank Charges",2026,May 2025
2025-05-24,"Overdraft Interest",-526.32,,6004,"Bank Charges",2026,May 2025
2025-05-24,"Cheque Card Purchase - Platinum Lounge (22 May)",-72,,1702,"Director's Loan Account",2026,May 2025
2025-05-24,"Cheque Card Purchase - HPY*Arfan Shop (21 May)",-52,,1702,"Director's Loan Account",2026,May 2025
2025-05-24,"Cheque Card Purchase - C*Cellars Paarl (23 May)",-175,,1702,"Director's Loan Account",2026,May 2025
2025-05-24,"Other Bank ATM Cash Withdrawal - SBSA",-1500,,1702,"Director's Loan Account",2026,May 2025
2025-05-26,"Other Bank ATM Cash Withdrawal - SBSA",-550,,1702,"Director's Loan Account",2026,May 2025
2025-05-26,"Cash Withdrawal Fee",-15.3,,6004,"Bank Charges",2026,May 2025
2025-05-27,"Cheque Card Purchase - HPY*Arfan Shop (23 May)",-172,,1702,"Director's Loan Account",2026,May 2025
2025-05-27,"Cheque Card Purchase - Ultra Liquor (23 May)",-244.99,,1702,"Director's Loan Account",2026,May 2025
2025-05-27,"Cheque Card Purchase - C*Wynland Motors (24 May)",-500,,6011,"Motor Vehicle Expenses",2026,May 2025
2025-05-27,"Cheque Card Purchase - Tops Paarl (24 May)",-190,,1702,"Director's Loan Account",2026,May 2025
2025-05-27,"Electronic Banking Payment From - Abels Liquors",1949.25,,4001,"Sales / Revenue",2026,May 2025
2025-05-27,"Cheque Card Purchase - S2S*Sonstraal (25 May)",-50,,1702,"Director's Loan Account",2026,May 2025
2025-05-28,"Credit Transfer - Capitec Cape Auctioneers",5157.75,,4001,"Sales / Revenue",2026,May 2025
2025-05-28,"Cheque Card Purchase - Conferheur (26 May)",-1460.5,,1702,"Director's Loan Account",2026,May 2025
2025-05-28,"Credit Transfer - Hoekstra Fruit Farms",1650.25,,4001,"Sales / Revenue",2026,May 2025
2025-05-28,"Cheque Card Purchase - Superspar Paarl (26 May)",-446.93,,1702,"Director's Loan Account",2026,May 2025
2025-05-29,"IB Payment To - J. Schipper & Son (Klein Das Bo)",-9074.92,,1702,"Director's Loan Account",2026,May 2025
2025-05-29,"Cheque Card Purchase - Platinum Lounge (25 May)",-216,,1702,"Director's Loan Account",2026,May 2025
2025-05-29,"Cheque Card Purchase - C*Diesel Elec (27 May)",-1120.02,,5001,"Cost of Goods Sold",2026,May 2025
2025-05-29,"Cheque Card Purchase - Platinum Lounge (25 May)",-300,,1702,"Director's Loan Account",2026,May 2025
2025-05-29,"Cheque Card Purchase - AE Malmesbury (27 May)",-500,,1702,"Director's Loan Account",2026,May 2025
2025-05-29,"Cheque Card Purchase - Platinum Lounge (25 May)",-48,,1702,"Director's Loan Account",2026,May 2025
2025-05-29,"Fee - Electronic Account Payment",-5.8,,6004,"Bank Charges",2026,May 2025
2025-05-29,"Fee: Payment Confirm - Email (J. Schipper & Sons)",-0.8,,6004,"Bank Charges",2026,May 2025
2025-05-30,"Fee - Immediate Payment",-10,,6004,"Bank Charges",2026,May 2025
2025-05-30,"Immediate Payment - Mr D Williams",-1250,,6022,"Director's Remuneration",2026,May 2025
2025-05-30,"Cheque Card Purchase - Superspar Paarl (28 May)",-156.56,,1702,"Director's Loan Account",2026,May 2025
2025-05-30,"Fee: Payment Confirm - SMS (Mr D Williams)",-1.2,,6004,"Bank Charges",2026,May 2025
2025-05-30,"Cheque Card Purchase - Tops Paarl (28 May)",-219.99,,1702,"Director's Loan Account",2026,May 2025
2025-05-30,"Cheque Card Purchase - Expressmark (28 May)",-109,,1702,"Director's Loan Account",2026,May 2025
2025-05-31,"Fee: Unused Facility",-19.38,,6004,"Bank Charges",2026,May 2025
2025-05-31,"Telephone Account - Telkom Mobile",-667.99,,6018,"Telephone",2026,May 2025
2025-05-31,"Monthly Management Fee",-9,,6004,"Bank Charges",2026,May 2025
2025-05-31,"Fee: MyUpdates For Business",-56,,6004,"Bank Charges",2026,May 2025
2025-05-31,"Other Bank ATM Cash Withdrawal - SBSA",-500,,1702,"Director's Loan Account",2026,May 2025
2025-05-31,"Fee - Debit Order",-4,,6004,"Bank Charges",2026,May 2025
2025-05-31,"Insurance Premium - Santam",-858,,6008,"Insurance",2026,May 2025
2025-05-31,"Fee - Debit Order",-4,,6004,"Bank Charges",2026,May 2025
2025-05-31,"Cash Withdrawal Fee",-12.75,,6004,"Bank Charges",2026,May 2025
2025-05-31,"Overdraft Service Fee",-90,,6004,"Bank Charges",2026,May 2025
2025-05-31,"Cheque Card Purchase - Van Tonder (29 May)",-349.62,,1702,"Director's Loan Account",2026,May 2025
2025-06-02,"Fee - Debit Order",-4,,6004,"Bank Charges",2026,June 2025
2025-06-02,"Cheque Card Purchase - Hpy*Arfan Sho",-52,,1702,"Director's Loan Account",2026,June 2025
2025-06-02,"Account Payment - Omsurance Premium",-1505.09,,1702,"Director's Loan Account",2026,June 2025
2025-06-02,"Fee: Payment Confirm - SMS (Haygan Johnson)",-1.2,,6004,"Bank Charges",2026,June 2025
2025-06-02,"Cash Withdrawal Fee",-5.1,,6004,"Bank Charges",2026,June 2025
2025-06-02,"Fee - Debit Order",-4,,6004,"Bank Charges",2026,June 2025
2025-06-02,"IB Payment To Haygan Johnson",-300,,6022,"Director's Remuneration",2026,June 2025
2025-06-02,"Other Bank ATM Cash Withdrawal - SBSA",-200,,1702,"Director's Loan Account",2026,June 2025
2025-06-02,"Telephone Account - Telkom Mobile",-667.99,,6018,"Telephone",2026,June 2025
2025-06-02,"Fee - Electronic Account Payment",-5.8,,6004,"Bank Charges",2026,June 2025
2025-06-02,"Cheque Card Purchase - Tops Paarl Ea",-518.3,,1702,"Director's Loan Account",2026,June 2025
2025-06-03,"Cheque Card Purchase - IK *Forklift",-345,,5001,"Cost of Goods Sold",2026,June 2025
2025-06-03,"Cheque Card Purchase - C*Cellars Paarl",-175,,1702,"Director's Loan Account",2026,June 2025
2025-06-03,"Cheque Card Purchase - E And R Motor",-500,,5001,"Cost of Goods Sold",2026,June 2025
2025-06-03,"Cheque Card Purchase - Superspar Paarl",-185.36,,1702,"Director's Loan Account",2026,June 2025
2025-06-03,"Cheque Card Purchase - Empire Meats",-262.5,,1702,"Director's Loan Account",2026,June 2025
2025-06-04,"Credit Transfer - Hoekstra Fruit Farms",2777.25,,4001,"Sales / Revenue",2026,June 2025
2025-06-04,"Cheque Card Purchase - Superspar Paarl",-145.92,,1702,"Director's Loan Account",2026,June 2025
2025-06-04,"Fee - Electronic Account Payment",-5.8,,6004,"Bank Charges",2026,June 2025
2025-06-04,"Cheque Card Purchase - Superspar Paarl",-54.48,,1702,"Director's Loan Account",2026,June 2025
2025-06-04,"IB Payment To Haygan Johnson",-150,,6022,"Director's Remuneration",2026,June 2025
2025-06-04,"Cheque Card Purchase - Masterparts P",-631.92,,5001,"Cost of Goods Sold",2026,June 2025
2025-06-04,"Fee: Payment Confirm - SMS (Haygan Johnson)",-1.2,,6004,"Bank Charges",2026,June 2025
2025-06-04,"Magtape Credit - 2720 W Mouton",5473.8,,4001,"Sales / Revenue",2026,June 2025
2025-06-04,"Cheque Card Purchase - Superspar Paarl",-200,,1702,"Director's Loan Account",2026,June 2025
2025-06-05,"Cash Withdrawal Fee",-7.65,,6004,"Bank Charges",2026,June 2025
2025-06-05,"Credit Transfer - Cashfocus Agrimark",4306.75,,4001,"Sales / Revenue",2026,June 2025
2025-06-05,"Other Bank ATM Cash Withdrawal - SBSA",-250,,1702,"Director's Loan Account",2026,June 2025
2025-06-06,"Payshap Payment To Salary",-1250,,6022,"Director's Remuneration",2026,June 2025
2025-06-06,"Other Bank ATM Cash Withdrawal - SBSA",-500,,1702,"Director's Loan Account",2026,June 2025
2025-06-06,"Autobank Cash Withdrawal",-500,,1702,"Director's Loan Account",2026,June 2025
2025-06-06,"Other Bank ATM Cash Withdrawal - SBSA",-1000,,1702,"Director's Loan Account",2026,June 2025
2025-06-06,"Fee: Payshap Payment",-7,,6004,"Bank Charges",2026,June 2025
2025-06-06,"Electronic Banking Payment From Abels Liquors",2110.25,,4001,"Sales / Revenue",2026,June 2025
2025-06-06,"Cheque Card Purchase - Masterparts P",-89.65,,5001,"Cost of Goods Sold",2026,June 2025
2025-06-06,"Cash Withdrawal Fee",-25.5,,6004,"Bank Charges",2026,June 2025
2025-06-06,"Fee: Payment Confirm - SMS (Mr D Williams)",-1.2,,6004,"Bank Charges",2026,June 2025
2025-06-06,"Cash Withdrawal Fee",-12.75,,6004,"Bank Charges",2026,June 2025
2025-06-06,"Cheque Card Purchase - C*Diesel Electrical",-148.35,,5001,"Cost of Goods Sold",2026,June 2025
2025-06-06,"Cash Withdrawal Fee",-12.75,,6004,"Bank Charges",2026,June 2025
2025-06-06,"Cheque Card Purchase - SAC Commercial",-969.8,,5001,"Cost of Goods Sold",2026,June 2025
2025-06-06,"Cheque Card Purchase - Tops Paarl Ea",-411.33,,1702,"Director's Loan Account",2026,June 2025
2025-06-07,"Cheque Card Purchase - Yoco *Osman",-110,,1702,"Director's Loan Account",2026,June 2025
2025-06-07,"Cheque Card Purchase - Pienaar Brothers",-575,,5001,"Cost of Goods Sold",2026,June 2025
2025-06-07,"Cheque Card Purchase - Kaap Agri LB",-181.99,,1702,"Director's Loan Account",2026,June 2025
2025-06-09,"Fee: Payment Confirm - SMS (Lmi Academy)",-1.2,,6004,"Bank Charges",2026,June 2025
2025-06-09,"Cheque Card Purchase - Masterparts P",-406.35,,5001,"Cost of Goods Sold",2026,June 2025
2025-06-09,"Autobank Cash Deposit - Paarl Branch",3400,,1702,"Director's Loan Account",2026,June 2025
2025-06-09,"Electricity Purchase",-100,,6020,"Utilities",2026,June 2025
2025-06-09,"Payshap Payment To Load Test",-1600,,1702,"Director's Loan Account",2026,June 2025
2025-06-09,"Cheque Card Purchase - C*BP Paarl",-1000,,6023,"Fuel / Petrol",2026,June 2025
2025-06-09,"Cheque Card Purchase - Tops Paarl Ea",-240.33,,1702,"Director's Loan Account",2026,June 2025
2025-06-09,"Fee: Electricity Purchase",-1.8,,6020,"Utilities",2026,June 2025
2025-06-09,"Fee: Payshap Payment",-7,,6004,"Bank Charges",2026,June 2025
2025-06-09,"Autobank Cash Deposit - Paarl Branch",400,,1702,"Director's Loan Account",2026,June 2025
2025-06-09,"Cash Deposit Fee - Autobank",-10,,6004,"Bank Charges",2026,June 2025
2025-06-09,"Cash Deposit Fee - Autobank",-49,,6004,"Bank Charges",2026,June 2025
2025-06-10,"Credit Transfer - Cashfocus Agrimark",3657.58,,4001,"Sales / Revenue",2026,June 2025
2025-06-10,"Fee: Electricity Purchase",-1.8,,6020,"Utilities",2026,June 2025
2025-06-10,"Cheque Card Purchase - Tabbs *Pigal",-140,,1702,"Director's Loan Account",2026,June 2025
2025-06-10,"Cheque Card Purchase - Card Replacement Fee",-150,,6004,"Bank Charges",2026,June 2025
2025-06-10,"Electricity Purchase",-300,,6020,"Utilities",2026,June 2025
2025-06-10,"Cheque Card Purchase - C*Cellars Paarl",-130,,1702,"Director's Loan Account",2026,June 2025
2025-06-11,"Magtape Credit - Invoice2816",2018.25,,4001,"Sales / Revenue",2026,June 2025
2025-06-11,"Cheque Card Purchase - CC Fresh X Op",-389.27,,1702,"Director's Loan Account",2026,June 2025
2025-06-11,"Cash Withdrawal Fee",-102,,6004,"Bank Charges",2026,June 2025
2025-06-11,"Autobank Cash Withdrawal",-4000,,1702,"Director's Loan Account",2026,June 2025
2025-06-11,"Credit Transfer - Absa Bank Ashley Forklifts",2277,,4001,"Sales / Revenue",2026,June 2025
2025-06-11,"Cash Withdrawal Fee",-127.5,,6004,"Bank Charges",2026,June 2025
2025-06-11,"Cheque Card Purchase - Tabbs *Pigal",-30,,1702,"Director's Loan Account",2026,June 2025
2025-06-11,"Autobank Cash Withdrawal",-5000,,1702,"Director's Loan Account",2026,June 2025
2025-06-12,"IB Payment To TVH Parts SA",-10906.65,,5001,"Cost of Goods Sold",2026,June 2025
2025-06-12,"Cheque Card Purchase - Kaap Agri Paarl",-529,,1702,"Director's Loan Account",2026,June 2025
2025-06-12,"Unpaid Fee DebiCheck D/O",-25,,6004,"Bank Charges",2026,June 2025
2025-06-12,"Debit Card Purchase From Everest",-540.5,,1702,"Director's Loan Account",2026,June 2025
2025-06-12,"Fee: Payment Confirm - SMS (Cape Urethanes)",-1.2,,6004,"Bank Charges",2026,June 2025
2025-06-12,"IB Payment To Bearing World",-299,,5001,"Cost of Goods Sold",2026,June 2025
2025-06-12,"Fee: Payment Confirm - SMS (Bearing World)",-1.2,,5001,"Cost of Goods Sold",2026,June 2025
2025-06-12,"Cheque Card Purchase - C*Diesel Electrical",-356.7,,5001,"Cost of Goods Sold",2026,June 2025
2025-06-12,"Cheque Card Purchase - Autokolor Paarl",-370.76,,5001,"Cost of Goods Sold",2026,June 2025
2025-06-12,"Fee - Electronic Account Payment",-5.8,,6004,"Bank Charges",2026,June 2025
2025-06-12,"Cheque Card Purchase - Wynland Motor",-500,,6011,"Motor Vehicle Expenses",2026,June 2025
2025-06-12,"Fee - Electronic Account Payment",-5.8,,6004,"Bank Charges",2026,June 2025
2025-06-12,"IB Payment To Cape Urethanes Danie",-2971.95,,5001,"Cost of Goods Sold",2026,June 2025
2025-06-12,"Fee - Electronic Account Payment",-5.8,,6004,"Bank Charges",2026,June 2025
2025-06-12,"Bolsa Third Party Payment - Klein Dasbosch Balance 2",5098.71,,4001,"Sales / Revenue",2026,June 2025
2025-06-12,"Fee - Electronic Account Payment",-5.8,,6004,"Bank Charges",2026,June 2025
2025-06-12,"RTD - Not Provided For - Nedbank MFC",13578.08,,1702,"Director's Loan Account",2026,June 2025
2025-06-12,"Registered DC Debit - Nedbank MFC",-13578.08,,1702,"Director's Loan Account",2026,June 2025
2025-06-12,"Fee: Payment Confirm - Email (TVH Parts SA)",-0.8,,5001,"Cost of Goods Sold",2026,June 2025
2025-06-12,"Bolsa Third Party Payment - Klein Dasbosch Balance 1",10000,,4001,"Sales / Revenue",2026,June 2025
2025-06-12,"Cheque Card Purchase - Hpy*Arfan Sho",-59,,1702,"Director's Loan Account",2026,June 2025
2025-06-12,"Real Time Transfer From A J Forklift",30000,,4001,"Sales / Revenue",2026,June 2025
2025-06-12,"IB Payment To Midas Part Center",-2036.23,,5001,"Cost of Goods Sold",2026,June 2025
2025-06-12,"Fee - Debit Order",-4,,6004,"Bank Charges",2026,June 2025
2025-06-13,"Cheque Card Purchase - Tops Paarl Ea",-219.5,,1702,"Director's Loan Account",2026,June 2025
2025-06-13,"Cheque Card Purchase - Kaap Agri Paarl",-309.29,,1702,"Director's Loan Account",2026,June 2025
2025-06-13,"Fee: Electricity Purchase",-1.2,,6020,"Utilities",2026,June 2025
2025-06-13,"Fee: Payment Confirm - SMS (Mr D Williams)",-1.2,,6004,"Bank Charges",2026,June 2025
2025-06-13,"Electricity Purchase",-50,,6020,"Utilities",2026,June 2025
2025-06-13,"Fee Immediate Payment",-10,,6004,"Bank Charges",2026,June 2025
2025-06-13,"Cheque Card Purchase - C*Fowkes Bros",-18.49,,1702,"Director's Loan Account",2026,June 2025
2025-06-13,"Immediate Payment - Mr D Williams",-1250,,6022,"Director's Remuneration",2026,June 2025
2025-06-14,"JNL-4: MFC instalment 2025-06-14 - interest portion (loan amortization)",-9821.89,,2102,"MFC Vehicle Finance - Isuzu",2026,JNL-4
2025-06-14,"Account Payment - Ned/MFC Agreed",-13578.08,,2102,"MFC Vehicle Finance - Isuzu",2026,June 2025
2025-06-14,"JNL-4: MFC instalment 2025-06-14 - interest portion (loan amortization)",9821.89,,6030,"Finance Charges - Vehicle Loan",2026,JNL-4
2025-06-14,"Cash Withdrawal Fee",-15.3,,6004,"Bank Charges",2026,June 2025
2025-06-14,"Cheque Card Purchase - Masterparts P",-675.28,,5001,"Cost of Goods Sold",2026,June 2025
2025-06-14,"Other Bank ATM Cash Withdrawal - SBSA",-600,,1702,"Director's Loan Account",2026,June 2025
2025-06-14,"Cheque Card Purchase - Afrox Stiklan",-130.48,,6023,"Fuel / Petrol",2026,June 2025
2025-06-14,"Fee - Debit Order",-4,,6004,"Bank Charges",2026,June 2025
2025-06-14,"Cheque Card Purchase - Superspar Paarl",-259.97,,1702,"Director's Loan Account",2026,June 2025
2025-06-14,"Cheque Card Purchase - Wynland Motor",-500,,6011,"Motor Vehicle Expenses",2026,June 2025
2025-06-17,"Fee: Payment Confirm - Email (Cape Auctioneers)",-0.8,,6004,"Bank Charges",2026,June 2025
2025-06-17,"Cheque Card Purchase - Boland Hair S",-110,,1702,"Director's Loan Account",2026,June 2025
2025-06-17,"Immediate Payment - Cape Auctioneers",-660.18,,1702,"Director's Loan Account",2026,June 2025
2025-06-17,"Cheque Card Purchase - Cellars",-100,,1702,"Director's Loan Account",2026,June 2025
2025-06-17,"Fee Immediate Payment",-10,,6004,"Bank Charges",2026,June 2025
2025-06-17,"Cheque Card Purchase - C*Cellars Paarl",-600,,1702,"Director's Loan Account",2026,June 2025
2025-06-18,"Cheque Card Purchase - C*Fowkes Bros",-91.71,,1702,"Director's Loan Account",2026,June 2025
2025-06-18,"Cheque Card Purchase - Tops Paarl Ea",-620.33,,1702,"Director's Loan Account",2026,June 2025
2025-06-18,"Credit Transfer - Hoekstra Fruit Farms",2754.25,,4001,"Sales / Revenue",2026,June 2025
2025-06-18,"Other Bank ATM Cash Withdrawal - SBSA",-400,,1702,"Director's Loan Account",2026,June 2025
2025-06-18,"Cheque Card Purchase - Shell Gelderbloem",-500,,6023,"Fuel / Petrol",2026,June 2025
2025-06-18,"Cheque Card Purchase - AP *Taye Enterprises",-500,,1702,"Director's Loan Account",2026,June 2025
2025-06-18,"Cash Withdrawal Fee",-10.2,,6004,"Bank Charges",2026,June 2025
2025-06-18,"Cheque Card Purchase - Delite Take Away",-50,,1702,"Director's Loan Account",2026,June 2025
2025-06-18,"Credit Transfer - Absa Bank Wellsave Stellenbosch",1883.13,,4001,"Sales / Revenue",2026,June 2025
2025-06-18,"Credit Transfer - Saturn Stainless Industries",1529.5,,4001,"Sales / Revenue",2026,June 2025
2025-06-19,"Cheque Card Purchase - Brake And Clutch",-200,,5001,"Cost of Goods Sold",2026,June 2025
2025-06-19,"Cheque Card Purchase - Trio Automotive",-1150,,1702,"Director's Loan Account",2026,June 2025
2025-06-19,"Cheque Card Purchase - FLM Paarl",-406.66,,1702,"Director's Loan Account",2026,June 2025
2025-06-20,"Fee Immediate Payment",-10,,6004,"Bank Charges",2026,June 2025
2025-06-20,"Immediate Payment - Mr D Williams",-1250,,6022,"Director's Remuneration",2026,June 2025
2025-06-20,"Cheque Card Purchase - SAC Commercial",-959.8,,5001,"Cost of Goods Sold",2026,June 2025
2025-06-20,"Fee: Payment Confirm - SMS (Mr D Williams)",-1.2,,6004,"Bank Charges",2026,June 2025
2025-06-20,"Cheque Card Purchase - C*Boland Appliances",-295,,1702,"Director's Loan Account",2026,June 2025
2025-06-20,"Cheque Card Purchase - Superspar Paarl",-94.99,,1702,"Director's Loan Account",2026,June 2025
2025-06-21,"Cheque Card Purchase - Hpy*Arfan Sho",-52,,1702,"Director's Loan Account",2026,June 2025
2025-06-21,"Cheque Card Purchase - Spar Express",-102.65,,1702,"Director's Loan Account",2026,June 2025
2025-06-23,"Cheque Card Purchase - S2S*Ebenezern",-60,,1702,"Director's Loan Account",2026,June 2025
2025-06-23,"Cheque Card Purchase - C*Cellars Paarl",-50,,1702,"Director's Loan Account",2026,June 2025
2025-06-23,"Cheque Card Purchase - C*Cellars Paarl",-30,,1702,"Director's Loan Account",2026,June 2025
2025-06-23,"Cheque Card Purchase - C*Cellars Paarl",-70,,1702,"Director's Loan Account",2026,June 2025
2025-06-23,"Cheque Card Purchase - C*Cellars Paarl",-135,,1702,"Director's Loan Account",2026,June 2025
2025-06-24,"Fee: Payshap Payment",-7,,6004,"Bank Charges",2026,June 2025
2025-06-24,"Real Time Transfer From A J Forklift",35000,,4001,"Sales / Revenue",2026,June 2025
2025-06-24,"Cheque Card Purchase - C*BP Paarl",-500,,6023,"Fuel / Petrol",2026,June 2025
2025-06-24,"Cheque Card Purchase - C*AE Freshstop",-61,,1702,"Director's Loan Account",2026,June 2025
2025-06-24,"Fee: Payment Confirm - SMS (Lmi Academy)",-1.2,,6004,"Bank Charges",2026,June 2025
2025-06-24,"Cheque Card Purchase - Superspar Paarl",-797.35,,1702,"Director's Loan Account",2026,June 2025
2025-06-24,"Cheque Card Purchase - ACDC Paarl",-386,,1702,"Director's Loan Account",2026,June 2025
2025-06-24,"Payshap Payment To Load Test",-800,,1702,"Director's Loan Account",2026,June 2025
2025-06-25,"Overdraft Interest",-559.66,,6004,"Bank Charges",2026,June 2025
2025-06-25,"Cheque Card Purchase - Skytech Brand",-550,,1702,"Director's Loan Account",2026,June 2025
2025-06-25,"Magtape Credit - Kampwater SA",8528.98,,4001,"Sales / Revenue",2026,June 2025
2025-06-25,"Credit Life Protection",-115.83,,6008,"Insurance",2026,June 2025
2025-06-25,"Cheque Card Purchase - Hpy*Arfan Sho",-190,,1702,"Director's Loan Account",2026,June 2025
2025-06-26,"IB Payment To Nedbank Credit Card",-3000,,5001,"Cost of Goods Sold",2026,June 2025
2025-06-26,"Fee - Electronic Account Payment",-5.8,,6004,"Bank Charges",2026,June 2025
2025-06-26,"Fee: Payment Confirm - Email (Nedbank Credit Card Division)",-0.8,,6004,"Bank Charges",2026,June 2025
2025-06-27,"Fee Immediate Payment",-10,,6004,"Bank Charges",2026,June 2025
2025-06-27,"Fee: Payment Confirm - SMS (Mr D Williams)",-1.2,,6004,"Bank Charges",2026,June 2025
2025-06-27,"Immediate Payment - Mr D Williams",-1250,,6022,"Director's Remuneration",2026,June 2025
2025-06-27,"Cheque Card Purchase - C*Diesel Electrical",-274.95,,5001,"Cost of Goods Sold",2026,June 2025
2025-06-27,"Cheque Card Purchase - Bookquiet.com",-145.42,,1702,"Director's Loan Account",2026,June 2025
2025-06-27,"Cheque Card Purchase - Afrox Stiklan",-1959.13,,6023,"Fuel / Petrol",2026,June 2025
2025-06-27,"Cheque Card Purchase - International Fee",-4,,1702,"Director's Loan Account",2026,June 2025
2025-06-28,"Cheque Card Purchase - Refresh123",-170,,1702,"Director's Loan Account",2026,June 2025
2025-06-28,"Cheque Card Purchase - Hpy*North Sta",-77,,1702,"Director's Loan Account",2026,June 2025
2025-06-30,"Fee - Debit Order",-4,,6004,"Bank Charges",2026,June 2025
2025-06-30,"Monthly Management Fee",-9,,6004,"Bank Charges",2026,June 2025
2025-06-30,"Telephone Account - Telkom Mobile",-671.05,,6018,"Telephone",2026,June 2025
2025-06-30,"Fee - Debit Order",-4,,6004,"Bank Charges",2026,June 2025
2025-06-30,"Insurance Premium - Santam",-858,,6008,"Insurance",2026,June 2025
2025-06-30,"Fee: Unused Facility",-22.34,,6004,"Bank Charges",2026,June 2025
2025-06-30,"Fee: MyUpdates For Business",-49,,6004,"Bank Charges",2026,June 2025
2025-06-30,"Overdraft Service Fee",-90,,6004,"Bank Charges",2026,June 2025
2025-06-30,"Fee - Debit Order",-4,,6004,"Bank Charges",2026,June 2025
2025-06-30,"Account Payment - Omsurance Premium",-1505.09,,1702,"Director's Loan Account",2026,June 2025
2025-07-01,"JNL-5: MFC instalment 2025-07-01 - interest portion (loan amortization)",-9768.37,,2102,"MFC Vehicle Finance - Isuzu",2026,JNL-5
2025-07-01,"Fee - Debit Order",-4,,6004,"Bank Charges",2026,July 2025
2025-07-01,"JNL-5: MFC instalment 2025-07-01 - interest portion (loan amortization)",9768.37,,6030,"Finance Charges - Vehicle Loan",2026,JNL-5
2025-07-01,"Fee - Electronic Account Payment",-5.8,,6004,"Bank Charges",2026,July 2025
2025-07-01,"IB Payment To Midas Part Center",-919.4,,5001,"Cost of Goods Sold",2026,July 2025
2025-07-01,"Registered DC Debit - Nedbank MFC",-13470.18,,2102,"MFC Vehicle Finance - Isuzu",2026,July 2025
2025-07-01,"Fee Immediate Payment Correction",3,,4001,"Sales / Revenue",2026,July 2025
2025-07-01,"Cheque Card Purchase - C*Dischem Paarl",-306.99,,1702,"Director's Loan Account",2026,July 2025
2025-07-01,"Cheque Card Purchase - C*Cellars Paarl",-260,,1702,"Director's Loan Account",2026,July 2025
2025-07-01,"Cheque Card Purchase - C*Die Visfabriek",-169.5,,1702,"Director's Loan Account",2026,July 2025
2025-07-01,"Fee Immediate Payment Correction",3,,4001,"Sales / Revenue",2026,July 2025
2025-07-02,"Cheque Card Purchase - Ultra Liquor (28 Jun)",-399.98,,1702,"Director's Loan Account",2026,July 2025
2025-07-02,"Cheque Card Purchase - Game Paarl (29 Jun)",-268.98,,1702,"Director's Loan Account",2026,July 2025
2025-07-03,"Credit Transfer - Saturn Stainless Industries",2829,,4001,"Sales / Revenue",2026,July 2025
2025-07-03,"Cheque Card Purchase - C*Wynland Motors (01 Jul)",-500,,6011,"Motor Vehicle Expenses",2026,July 2025
2025-07-03,"Cheque Card Purchase - C*Wynland Motors (01 Jul)",-1200.7,,6011,"Motor Vehicle Expenses",2026,July 2025
2025-07-04,"Cheque Card Purchase - Allseal Paarl (01 Jul)",-50,,5001,"Cost of Goods Sold",2026,July 2025
2025-07-04,"PayShap Payment To - Salary",-1000,,6022,"Director's Remuneration",2026,July 2025
2025-07-04,"Fee: Payment Confirm - SMS (Mr D Williams)",-1.2,,6004,"Bank Charges",2026,July 2025
2025-07-04,"Fee: PayShap Payment",-7,,6004,"Bank Charges",2026,July 2025
2025-07-04,"Cheque Card Purchase - Build It Boland (02 Jul)",-79.94,,1702,"Director's Loan Account",2026,July 2025
2025-07-04,"Electronic Banking Payment From - Abels Liquors",3841,,4001,"Sales / Revenue",2026,July 2025
2025-07-04,"Cheque Card Purchase - C*Fowkes Bros (03 Jul)",-255.75,,1702,"Director's Loan Account",2026,July 2025
2025-07-05,"Immediate Payment - Mrs M Johnson",-3000,,6022,"Director's Remuneration",2026,July 2025
2025-07-05,"Fee: Payment Confirm - SMS (Mrs M Johnson)",-1.2,,6004,"Bank Charges",2026,July 2025
2025-07-05,"Cheque Card Purchase - Bex Paarl (03 Jul)",-598,,1702,"Director's Loan Account",2026,July 2025
2025-07-05,"Cheque Card Purchase - S2S*Ahadstore (03 Jul)",-69,,1702,"Director's Loan Account",2026,July 2025
2025-07-05,"Fee - Immediate Payment",-50,,6004,"Bank Charges",2026,July 2025
2025-07-07,"Bolsa Third Party Payment - Klein Dasbosch",624.75,,4001,"Sales / Revenue",2026,July 2025
2025-07-07,"Bolsa Third Party Payment - Klein Dasbosch",10000,,4001,"Sales / Revenue",2026,July 2025
2025-07-07,"Cheque Card Purchase - Gelmar Pty Ltd (03 Jul)",-150,,1702,"Director's Loan Account",2026,July 2025
2025-07-07,"Cheque Card Purchase - Coastal Hire (03 Jul)",-160,,6027,"Small Equipment",2026,July 2025
2025-07-07,"Magtape Credit - Invoice 2803/AJForklifts",5347.5,,4001,"Sales / Revenue",2026,July 2025
2025-07-08,"Cheque Card Purchase - C*Cellars Paarl (06 Jul)",-85,,1702,"Director's Loan Account",2026,July 2025
2025-07-08,"Cheque Card Purchase - Ultra Liquor (04 Jul)",-199.99,,1702,"Director's Loan Account",2026,July 2025
2025-07-08,"Cheque Card Purchase - OK Minimark (04 Jul)",-144.93,,1702,"Director's Loan Account",2026,July 2025
2025-07-08,"Cheque Card Purchase - Yoco *Osman (05 Jul)",-110,,1702,"Director's Loan Account",2026,July 2025
2025-07-08,"Cheque Card Purchase - C*Cellars Paarl (06 Jul)",-360,,1702,"Director's Loan Account",2026,July 2025
2025-07-09,"Cheque Card Purchase - Ultra Liquor (05 Jul)",-416.97,,1702,"Director's Loan Account",2026,July 2025
2025-07-09,"Cheque Card Purchase - Superspar Paarl",-50,,1702,"Director's Loan Account",2026,July 2025
2025-07-09,"PayShap Payment From - P de Klerk",1000,,4001,"Sales / Revenue",2026,July 2025
2025-07-09,"Cheque Card Purchase - C*SA Bandsaw (08 Jul)",-73.83,,1702,"Director's Loan Account",2026,July 2025
2025-07-09,"Cheque Card Purchase - Superspar Paarl (07 Jul)",-200,,1702,"Director's Loan Account",2026,July 2025
2025-07-10,"Cheque Card Purchase - Superspar Paarl (08 Jul)",-159.28,,1702,"Director's Loan Account",2026,July 2025
2025-07-10,"Cheque Card Purchase - C*Filco Parts (09 Jul)",-620.63,,5001,"Cost of Goods Sold",2026,July 2025
2025-07-10,"Cheque Card Purchase - Goldwagen Paarl (08 Jul)",-85,,5001,"Cost of Goods Sold",2026,July 2025
2025-07-11,"Cheque Card Purchase - S2S*Megapacka (09 Jul)",-116,,1702,"Director's Loan Account",2026,July 2025
2025-07-11,"Magtape Credit - Invoice 2822",3278.89,,4001,"Sales / Revenue",2026,July 2025
2025-07-11,"Fee: PayShap Payment",-7,,6004,"Bank Charges",2026,July 2025
2025-07-11,"Cheque Card Purchase - Superspar Paarl (09 Jul)",-231.95,,1702,"Director's Loan Account",2026,July 2025
2025-07-11,"Cheque Card Purchase - Drakenstein Municipal (09 Jul)",-60,,6020,"Utilities",2026,July 2025
2025-07-11,"Cheque Card Purchase - Goldwagen Paarl (09 Jul)",-995,,5001,"Cost of Goods Sold",2026,July 2025
2025-07-11,"IB Payment To - Haygan Johnson",-300,,6022,"Director's Remuneration",2026,July 2025
2025-07-11,"Debit Card Purchase From - Game Paarl",-599,,1702,"Director's Loan Account",2026,July 2025
2025-07-11,"Fee: Payment Confirm - SMS (Haygan Johnson)",-1.2,,6004,"Bank Charges",2026,July 2025
2025-07-11,"Magtape Credit - Invoice 2823",3278.89,,4001,"Sales / Revenue",2026,July 2025
2025-07-11,"PayShap Payment To - Salary",-1000,,6022,"Director's Remuneration",2026,July 2025
2025-07-11,"Fee - Electronic Account Payment",-5.8,,6004,"Bank Charges",2026,July 2025
2025-07-11,"Fee: Payment Confirm - SMS (Mr D Williams)",-1.2,,6004,"Bank Charges",2026,July 2025
2025-07-11,"Cheque Card Purchase - SAC Commercial (09 Jul)",-964.8,,5001,"Cost of Goods Sold",2026,July 2025
2025-07-12,"Cheque Card Purchase - Goldwagen Paarl (10 Jul)",-325,,5001,"Cost of Goods Sold",2026,July 2025
2025-07-12,"Fee - Electronic Account Payment",-5.8,,6004,"Bank Charges",2026,July 2025
2025-07-12,"Fee: Payment Confirm - SMS (Haygan Johnson)",-1.2,,6004,"Bank Charges",2026,July 2025
2025-07-12,"Fee: PayShap Payment",-7,,6004,"Bank Charges",2026,July 2025
2025-07-12,"Fee: Payment Confirm - SMS (Mr J Fielding)",-1.2,,6004,"Bank Charges",2026,July 2025
2025-07-12,"IB Payment From - Ashley",400,,4001,"Sales / Revenue",2026,July 2025
2025-07-12,"PayShap Payment To - Bevin Kamp",-800,,1702,"Director's Loan Account",2026,July 2025
2025-07-12,"IB Payment To - Haygan Johnson",-200,,6022,"Director's Remuneration",2026,July 2025
2025-07-14,"Cheque Card Purchase - Paarl Ice Cream (11 Jul)",-156,,1702,"Director's Loan Account",2026,July 2025
2025-07-14,"Cheque Card Purchase - C*BP Paarl (11 Jul)",-468.52,,6023,"Fuel / Petrol",2026,July 2025
2025-07-14,"Cheque Card Purchase - Boland Hair Studio (11 Jul)",-200,,1702,"Director's Loan Account",2026,July 2025
2025-07-14,"Cheque Card Purchase - C*Sky Lounge (12 Jul)",-138,,1702,"Director's Loan Account",2026,July 2025
2025-07-14,"Cheque Card Purchase - Clutch Brake (10 Jul)",-200,,5001,"Cost of Goods Sold",2026,July 2025
2025-07-14,"Debit Card Purchase From - Checkers Vanderlingen",-227.9,,1702,"Director's Loan Account",2026,July 2025
2025-07-15,"Cheque Card Purchase - Rapid River (11 Jul)",-250,,1702,"Director's Loan Account",2026,July 2025
2025-07-15,"Fee - Electronic Account Payment",-5.8,,6004,"Bank Charges",2026,July 2025
2025-07-15,"Cheque Card Purchase - IK *Hekdon On (12 Jul)",-378,,1702,"Director's Loan Account",2026,July 2025
2025-07-15,"Cheque Card Purchase - Sky Lounge Ba (11 Jul)",-1100,,1702,"Director's Loan Account",2026,July 2025
2025-07-15,"Cheque Card Purchase - Sky Lounge Ba (11 Jul)",-550,,1702,"Director's Loan Account",2026,July 2025
2025-07-15,"Cheque Card Purchase - Superspar Robertson (11 Jul)",-83.98,,1702,"Director's Loan Account",2026,July 2025
2025-07-15,"Cheque Card Purchase - IK *Hekdon On (12 Jul)",-42,,1702,"Director's Loan Account",2026,July 2025
2025-07-15,"IB Payment To - St Augustines Church",-400,,1702,"Director's Loan Account",2026,July 2025
2025-07-16,"Cash Withdrawal Fee",-89.25,,6004,"Bank Charges",2026,July 2025
2025-07-16,"Cash Withdrawal Fee",-7.65,,6004,"Bank Charges",2026,July 2025
2025-07-16,"Cheque Card Purchase - Huguenot Tunnel",-53,,6025,"Toll Gate Fees",2026,July 2025
2025-07-16,"Cheque Card Purchase - Huguenot Tunnel",-53,,6025,"Toll Gate Fees",2026,July 2025
2025-07-16,"Cheque Card Purchase - C*BP Paarl (14 Jul)",-500,,6023,"Fuel / Petrol",2026,July 2025
2025-07-16,"Electricity Purchase",-50,,6020,"Utilities",2026,July 2025
2025-07-16,"Fee: Electricity Purchase",-1.2,,6020,"Utilities",2026,July 2025
2025-07-16,"Autobank Cash Withdrawal",-3500,,1702,"Director's Loan Account",2026,July 2025
2025-07-16,"Other Bank ATM Cash Withdrawal - SBSA",-250,,1702,"Director's Loan Account",2026,July 2025
2025-07-17,"Cheque Card Purchase - C*Cathmar TV (16 Jul)",-250,,1702,"Director's Loan Account",2026,July 2025
2025-07-17,"Fee: Electricity Purchase",-1.8,,6020,"Utilities",2026,July 2025
2025-07-17,"Value Loaded To Virtual Card",-500,,1702,"Director's Loan Account",2026,July 2025
2025-07-17,"Electricity Purchase",-500,,6020,"Utilities",2026,July 2025
2025-07-17,"Cheque Card Purchase - C*Cathmar TV (16 Jul)",-120,,1702,"Director's Loan Account",2026,July 2025
2025-07-18,"Fee: Payment Confirm - SMS (Terence)",-1.2,,6004,"Bank Charges",2026,July 2025
2025-07-18,"IB Payment To - Terence Tools",-1100,,6027,"Small Equipment",2026,July 2025
2025-07-18,"Fee: Payment Confirm - SMS (Haygan Johnson)",-1.2,,6004,"Bank Charges",2026,July 2025
2025-07-18,"IB Payment To - Haygan Johnson",-150,,6022,"Director's Remuneration",2026,July 2025
2025-07-18,"Fee: PayShap Payment",-7,,6004,"Bank Charges",2026,July 2025
2025-07-18,"Fee - Electronic Account Payment",-5.8,,6004,"Bank Charges",2026,July 2025
2025-07-18,"Fee: Payment Confirm - SMS (Wade Vaughan)",-1.2,,6004,"Bank Charges",2026,July 2025
2025-07-18,"Fee - Electronic Account Payment",-5.8,,6004,"Bank Charges",2026,July 2025
2025-07-18,"IB Payment To - Mr D Williams (Salary)",-1250,,6022,"Director's Remuneration",2026,July 2025
2025-07-18,"Fee - Electronic Account Payment",-5.8,,6004,"Bank Charges",2026,July 2025
2025-07-18,"Fee: Payment Confirm - SMS (Mr D Williams)",-1.2,,6004,"Bank Charges",2026,July 2025
2025-07-18,"PayShap Payment To - Payment",-1000,,1702,"Director's Loan Account",2026,July 2025
2025-07-19,"Cheque Card Purchase - Cable Doctor (17 Jul)",-360,,1702,"Director's Loan Account",2026,July 2025
2025-07-19,"Cheque Card Purchase - Tops Paarl (17 Jul)",-281.34,,1702,"Director's Loan Account",2026,July 2025
2025-07-19,"Cheque Card Purchase - C*Cellars Paarl (18 Jul)",-580,,1702,"Director's Loan Account",2026,July 2025
2025-07-21,"Debit Card Purchase From - HPY*Arfan Shop",-108,,1702,"Director's Loan Account",2026,July 2025
2025-07-21,"Cheque Card Purchase - C*Cellars Paarl (18 Jul)",-130,,1702,"Director's Loan Account",2026,July 2025
2025-07-21,"Fee - Electronic Account Payment",-5.8,,6004,"Bank Charges",2026,July 2025
2025-07-21,"IB Payment To - Haygan Johnson",-200,,6022,"Director's Remuneration",2026,July 2025
2025-07-21,"Cheque Card Purchase - PnP Express Paarl (18 Jul)",-140.5,,1702,"Director's Loan Account",2026,July 2025
2025-07-21,"Fee: Payment Confirm - SMS (Haygan Johnson)",-1.2,,6004,"Bank Charges",2026,July 2025
2025-07-22,"Cheque Card Purchase - Ultra Liquor (18 Jul)",-259.98,,1702,"Director's Loan Account",2026,July 2025
2025-07-23,"Cheque Card Purchase - C*Wynland Motors (21 Jul)",-500,,6011,"Motor Vehicle Expenses",2026,July 2025
2025-07-23,"Electronic Banking Payment From - Abels Liquors",2225.25,,4001,"Sales / Revenue",2026,July 2025
2025-07-25,"Cheque Card Purchase - Build It Boland (23 Jul)",-154.99,,1702,"Director's Loan Account",2026,July 2025
2025-07-25,"Cash Withdrawal Fee",-25.5,,6004,"Bank Charges",2026,July 2025
2025-07-25,"Fee: PayShap Payment",-7,,6004,"Bank Charges",2026,July 2025
2025-07-25,"Cheque Card Purchase - C*Stingray Marine (24 Jul)",-240,,1702,"Director's Loan Account",2026,July 2025
2025-07-25,"Other Bank ATM Cash Withdrawal - SBSA",-1000,,1702,"Director's Loan Account",2026,July 2025
2025-07-25,"Cheque Card Purchase - Furball Pet Shop (22 Jul)",-310,,1702,"Director's Loan Account",2026,July 2025
2025-07-25,"Fee: PayShap Payment",-7,,6004,"Bank Charges",2026,July 2025
2025-07-25,"PayShap Payment To - Payment",-1250,,1702,"Director's Loan Account",2026,July 2025
2025-07-25,"Fee: Payment Confirm - SMS (Wade Vaughan)",-1.2,,6004,"Bank Charges",2026,July 2025
2025-07-25,"Overdraft Interest",-199.56,,6004,"Bank Charges",2026,July 2025
2025-07-25,"Credit Life Protection",-43.97,,6008,"Insurance",2026,July 2025
2025-07-25,"Fee: Payment Confirm - SMS (Mr D Williams)",-1.2,,6004,"Bank Charges",2026,July 2025
2025-07-25,"PayShap Payment To - Salary",-1250,,6022,"Director's Remuneration",2026,July 2025
2025-07-26,"Cheque Card Purchase - Abels Liquors (24 Jul)",-324,,1702,"Director's Loan Account",2026,July 2025
2025-07-26,"Cheque Card Purchase - C*Cellars Paarl (24 Jul)",-500,,1702,"Director's Loan Account",2026,July 2025
2025-07-26,"Cheque Card Purchase - #International",-3.89,,1702,"Director's Loan Account",2026,July 2025
2025-07-26,"Real Time Transfer From - P de Klerk",2200,,4001,"Sales / Revenue",2026,July 2025
2025-07-26,"Cheque Card Purchase - AS Family Store (23 Jul)",-135.06,,1702,"Director's Loan Account",2026,July 2025
2025-07-26,"Cheque Card Purchase - C*Dischem Paarl (25 Jul)",-199.95,,1702,"Director's Loan Account",2026,July 2025
2025-07-26,"Cheque Card Purchase - Engen Winelands (24 Jul)",-500,,6023,"Fuel / Petrol",2026,July 2025
2025-07-26,"Cheque Card Purchase - Sunshine Ecommerce (23 Jul)",-141.5,,1702,"Director's Loan Account",2026,July 2025
2025-07-28,"Cheque Card Purchase - C*BP Paarl (25 Jul)",-500,,6023,"Fuel / Petrol",2026,July 2025
2025-07-28,"Cheque Card Purchase - OK Minimark (24 Jul)",-194.64,,1702,"Director's Loan Account",2026,July 2025
2025-07-28,"Cellphone Instant Money Cash To 0649581542",-330,,1702,"Director's Loan Account",2026,July 2025
2025-07-28,"Fee - Instant Money",-10,,6004,"Bank Charges",2026,July 2025
2025-07-29,"Electronic Banking Payment From - Abels Liquors",776.25,,4001,"Sales / Revenue",2026,July 2025
2025-07-30,"Cheque Card Purchase - Build It Boland (28 Jul)",-59.99,,1702,"Director's Loan Account",2026,July 2025
2025-07-30,"Cheque Card Purchase - C*Lady Grey (28 Jul)",-100,,1702,"Director's Loan Account",2026,July 2025
2025-07-30,"Cheque Card Purchase - Checkers Paarl (27 Jul)",-369.88,,1702,"Director's Loan Account",2026,July 2025
2025-07-31,"Telephone Account - Telkom Mobile",-694.17,,6018,"Telephone",2026,July 2025
2025-07-31,"Fee - Debit Order",-4,,6004,"Bank Charges",2026,July 2025
2025-07-31,"Insurance Premium - Santam",-858,,6008,"Insurance",2026,July 2025
2025-07-31,"Monthly Management Fee",-9,,6004,"Bank Charges",2026,July 2025
2025-07-31,"Overdraft Service Fee",-90,,6004,"Bank Charges",2026,July 2025
2025-07-31,"Fee - Debit Order",-4,,6004,"Bank Charges",2026,July 2025
2025-07-31,"Fee - Debit Order",-4,,6004,"Bank Charges",2026,July 2025
2025-07-31,"Fee: MyUpdates For Business",-48,,6004,"Bank Charges",2026,July 2025
2025-07-31,"Cheque Card Purchase - S2S*Bhuiyange (29 Jul)",-52,,1702,"Director's Loan Account",2026,July 2025
2025-07-31,"Account Payment - Old Mutual Insure Premium",-1505.09,,6008,"Insurance",2026,July 2025
2025-07-31,"Fee: Unused Facility",-37.47,,6004,"Bank Charges",2026,July 2025
2025-08-01,"PayShap Payment To - Salary",-1250,,6022,"Director's Remuneration",2026,August 2025
2025-08-01,"Cash Withdrawal Fee",-15.3,,6004,"Bank Charges",2026,August 2025
2025-08-01,"Cheque Card Purchase - C*Filco Parts (31 Jul)",-69.9,,5001,"Cost of Goods Sold",2026,August 2025
2025-08-01,"Cheque Card Purchase - Superspar Paarl (30 Jul)",-120.05,,1702,"Director's Loan Account",2026,August 2025
2025-08-01,"Membership Fee - Ucount",-365,,6004,"Bank Charges",2026,August 2025
2025-08-01,"JNL-6: MFC instalment 2025-08-01 - interest portion (loan amortization)",-9715.62,,2102,"MFC Vehicle Finance - Isuzu",2026,JNL-6
2025-08-01,"Autobank Cash Withdrawal",-600,,1702,"Director's Loan Account",2026,August 2025
2025-08-01,"JNL-6: MFC instalment 2025-08-01 - interest portion (loan amortization)",9715.62,,6030,"Finance Charges - Vehicle Loan",2026,JNL-6
2025-08-01,"Fee - Debit Order",-4,,6004,"Bank Charges",2026,August 2025
2025-08-01,"Fee: PayShap Payment",-7,,6004,"Bank Charges",2026,August 2025
2025-08-01,"Credit Transfer - Wema Foods",2605.33,,4001,"Sales / Revenue",2026,August 2025
2025-08-01,"Registered DC Debit - Ned/MFC",-13470.18,,2102,"MFC Vehicle Finance - Isuzu",2026,August 2025
2025-08-01,"Fee: Payment Confirm - SMS (Mr D Williams)",-1.2,,6004,"Bank Charges",2026,August 2025
2025-08-02,"Cheque Card Purchase - Markham Paarl (31 Jul)",-445,,1702,"Director's Loan Account",2026,August 2025
2025-08-02,"Cheque Card Purchase - Slagerij Van (31 Jul)",-292.54,,1702,"Director's Loan Account",2026,August 2025
2025-08-02,"Cheque Card Purchase - HPY*Arfan Shop (30 Jul)",-192,,1702,"Director's Loan Account",2026,August 2025
2025-08-02,"Other Bank ATM Cash Withdrawal - SBSA",-600,,1702,"Director's Loan Account",2026,August 2025
2025-08-02,"Cheque Card Purchase - Markham Paarl (31 Jul)",-200,,1702,"Director's Loan Account",2026,August 2025
2025-08-02,"Cash Withdrawal Fee",-15.3,,6004,"Bank Charges",2026,August 2025
2025-08-02,"Other Bank ATM Cash Withdrawal - SBSA",-1000,,1702,"Director's Loan Account",2026,August 2025
2025-08-02,"Cash Withdrawal Fee",-25.5,,6004,"Bank Charges",2026,August 2025
2025-08-02,"Cheque Card Purchase - C*Orleans Off (01 Aug)",-95,,1702,"Director's Loan Account",2026,August 2025
2025-08-04,"Other Bank ATM Cash Withdrawal - SBSA",-600,,1702,"Director's Loan Account",2026,August 2025
2025-08-04,"Cash Withdrawal Fee",-12.75,,6004,"Bank Charges",2026,August 2025
2025-08-04,"Cash Withdrawal Fee",-15.3,,6004,"Bank Charges",2026,August 2025
2025-08-04,"Cheque Card Purchase - Build It Boland (01 Aug)",-260.98,,1702,"Director's Loan Account",2026,August 2025
2025-08-04,"Cheque Card Purchase - Expressmark (31 Jul)",-500,,1702,"Director's Loan Account",2026,August 2025
2025-08-04,"Autobank Cash Withdrawal",-500,,1702,"Director's Loan Account",2026,August 2025
2025-08-05,"Credit Transfer - K Groenewald",2000,,4001,"Sales / Revenue",2026,August 2025
2025-08-05,"Cheque Card Purchase - C*Cellars Paarl (04 Aug)",-300,,1702,"Director's Loan Account",2026,August 2025
2025-08-05,"Cheque Card Purchase - West Coast Fisheries (03 Aug)",-65,,1702,"Director's Loan Account",2026,August 2025
2025-08-06,"Cheque Card Purchase - Platinum Lounge (03 Aug)",-125,,1702,"Director's Loan Account",2026,August 2025
2025-08-06,"IB Payment From - Bothma Fencing",13015.53,,4001,"Sales / Revenue",2026,August 2025
2025-08-07,"IB Payment To - Midas Part Center",-3666.8,,5001,"Cost of Goods Sold",2026,August 2025
2025-08-07,"IB Payment To - Bearing World",-1642.84,,5001,"Cost of Goods Sold",2026,August 2025
2025-08-07,"IB Payment To - TVH Parts SA",-2608.41,,5001,"Cost of Goods Sold",2026,August 2025
2025-08-07,"Fee: Payment Confirm - Email (TVH Parts SA)",-0.8,,5001,"Cost of Goods Sold",2026,August 2025
2025-08-07,"Fee - Electronic Account Payment",-5.8,,6004,"Bank Charges",2026,August 2025
2025-08-07,"Magtape Credit - Invoice 2830",3047.5,,4001,"Sales / Revenue",2026,August 2025
2025-08-07,"Fee - Electronic Account Payment",-5.8,,6004,"Bank Charges",2026,August 2025
2025-08-07,"Fee - Electronic Account Payment",-5.8,,6004,"Bank Charges",2026,August 2025
2025-08-07,"Magtape Credit - Invoice 2829",5326.18,,4001,"Sales / Revenue",2026,August 2025
2025-08-07,"Fee: Payment Confirm - SMS (Bearing World)",-1.2,,5001,"Cost of Goods Sold",2026,August 2025
2025-08-07,"Cheque Card Purchase - C*Filco Parts (06 Aug)",-690.75,,5001,"Cost of Goods Sold",2026,August 2025
2025-08-08,"PayShap Payment To - Payment",-1000,,1702,"Director's Loan Account",2026,August 2025
2025-08-08,"Fee: Payment Confirm - SMS (A H Johnson)",-1.2,,6004,"Bank Charges",2026,August 2025
2025-08-08,"Magtape Credit - Invoice 2831",1040.75,,4001,"Sales / Revenue",2026,August 2025
2025-08-08,"PayShap Payment To - Salary",-1000,,6022,"Director's Remuneration",2026,August 2025
2025-08-08,"Fee: Payment Confirm - SMS (Mr D Williams)",-1.2,,6004,"Bank Charges",2026,August 2025
2025-08-08,"Fee: PayShap Payment",-7,,6004,"Bank Charges",2026,August 2025
2025-08-08,"Fee: PayShap Payment",-7,,6004,"Bank Charges",2026,August 2025
2025-08-08,"Fee: Payment Confirm - SMS (Wade Vaughan)",-1.2,,6004,"Bank Charges",2026,August 2025
2025-08-08,"Fee: PayShap Payment",-50,,6004,"Bank Charges",2026,August 2025
2025-08-08,"PayShap Payment To - AJ Salary",-2000,,6022,"Director's Remuneration",2026,August 2025
2025-08-11,"Fee - Electronic Account Payment",-5.8,,6004,"Bank Charges",2026,August 2025
2025-08-11,"Cash Withdrawal Fee",-25.5,,6004,"Bank Charges",2026,August 2025
2025-08-11,"Fee - Electronic Account Payment",-5.8,,6004,"Bank Charges",2026,August 2025
2025-08-11,"Other Bank ATM Cash Withdrawal - SBSA",-1000,,1702,"Director's Loan Account",2026,August 2025
2025-08-11,"Fee: Payment Confirm - SMS (Haygan Johnson)",-1.2,,6004,"Bank Charges",2026,August 2025
2025-08-11,"Other Bank ATM Cash Withdrawal - SBSA",-1000,,1702,"Director's Loan Account",2026,August 2025
2025-08-11,"IB Payment To - Haygan Johnson",-250,,6022,"Director's Remuneration",2026,August 2025
2025-08-11,"Cheque Card Purchase - C*BP Paarl (07 Aug)",-500,,6023,"Fuel / Petrol",2026,August 2025
2025-08-11,"Fee: PayShap Payment",-7,,6004,"Bank Charges",2026,August 2025
2025-08-11,"Cash Withdrawal Fee",-25.5,,6004,"Bank Charges",2026,August 2025
2025-08-11,"PayShap Payment To - Choir",-250,,1702,"Director's Loan Account",2026,August 2025
2025-08-11,"IB Payment To - Mr BD Joshua (Unc Kenny)",-1200,,1702,"Director's Loan Account",2026,August 2025
2025-08-11,"Cheque Card Purchase - Tops Paarl (07 Aug)",-300.33,,1702,"Director's Loan Account",2026,August 2025
2025-08-12,"Cheque Card Purchase - Cellars (08 Aug)",-150,,1702,"Director's Loan Account",2026,August 2025
2025-08-12,"Cheque Card Purchase - C*Cellars Paarl (09 Aug)",-70,,1702,"Director's Loan Account",2026,August 2025
2025-08-12,"Cheque Card Purchase - CC Fresh Express (08 Aug)",-175.24,,1702,"Director's Loan Account",2026,August 2025
2025-08-12,"Cheque Card Purchase - S2S*Ahadstore (10 Aug)",-108,,1702,"Director's Loan Account",2026,August 2025
2025-08-12,"Cheque Card Purchase - C*Cellars Paarl (09 Aug)",-50,,1702,"Director's Loan Account",2026,August 2025
2025-08-12,"Cheque Card Purchase - Autokolor Paarl (08 Aug)",-513.91,,5001,"Cost of Goods Sold",2026,August 2025
2025-08-12,"Cheque Card Purchase - C*Cellars Paarl (08 Aug)",-155,,1702,"Director's Loan Account",2026,August 2025
2025-08-12,"Cheque Card Purchase - Engen Drakenstein (08 Aug)",-400,,6023,"Fuel / Petrol",2026,August 2025
2025-08-13,"Cheque Card Purchase - 108 Paarl (11 Aug)",-49.96,,1702,"Director's Loan Account",2026,August 2025
2025-08-13,"Cheque Card Purchase - Ultra Liquor (08 Aug)",-460.97,,1702,"Director's Loan Account",2026,August 2025
2025-08-13,"Cheque Card Purchase - Superspar Paarl (11 Aug)",-50,,1702,"Director's Loan Account",2026,August 2025
2025-08-13,"Cheque Card Purchase - Superspar Paarl",-250,,1702,"Director's Loan Account",2026,August 2025
2025-08-13,"Cheque Card Purchase - Superspar Paarl (10 Aug)",-181.46,,1702,"Director's Loan Account",2026,August 2025
2025-08-14,"Other Bank ATM Cash Withdrawal - SBSA",-450,,1702,"Director's Loan Account",2026,August 2025
2025-08-14,"Cheque Card Purchase - Timbuild Paarl (12 Aug)",-319,,1702,"Director's Loan Account",2026,August 2025
2025-08-14,"Cheque Card Purchase - Furball Pet Shop (11 Aug)",-310,,1702,"Director's Loan Account",2026,August 2025
2025-08-14,"Cash Withdrawal Fee",-12.75,,6004,"Bank Charges",2026,August 2025
2025-08-15,"Electricity Purchase",-200,,6020,"Utilities",2026,August 2025
2025-08-15,"Fee: PayShap Payment",-7,,6004,"Bank Charges",2026,August 2025
2025-08-15,"Cheque Card Purchase - PnP Express Paarl (13 Aug)",-500,,1702,"Director's Loan Account",2026,August 2025
2025-08-15,"PayShap Payment To - Salary",-1000,,6022,"Director's Remuneration",2026,August 2025
2025-08-15,"Cheque Card Purchase - PnP Express Paarl",-57.5,,1702,"Director's Loan Account",2026,August 2025
2025-08-15,"Fee: Payment Confirm - SMS (Wade Vaughan)",-1.2,,6004,"Bank Charges",2026,August 2025
2025-08-15,"Fee: Payment Confirm - SMS (Mr D Williams)",-1.2,,6004,"Bank Charges",2026,August 2025
2025-08-15,"Fee: Electricity Purchase",-1.8,,6020,"Utilities",2026,August 2025
2025-08-15,"Fee: PayShap Payment",-7,,6004,"Bank Charges",2026,August 2025
2025-08-15,"PayShap Payment To - Payment",-1250,,1702,"Director's Loan Account",2026,August 2025
2025-08-15,"Electronic Banking Payment From - Abels Liquors",2300,,4001,"Sales / Revenue",2026,August 2025
2025-08-15,"Cheque Card Purchase - Superspar Paarl (13 Aug)",-147.45,,1702,"Director's Loan Account",2026,August 2025
2025-08-16,"Other Bank ATM Cash Withdrawal - SBSA",-1000,,1702,"Director's Loan Account",2026,August 2025
2025-08-16,"Cash Withdrawal Fee",-25.5,,6004,"Bank Charges",2026,August 2025
2025-08-16,"Cheque Card Purchase - Afrox Stikland (14 Aug)",-317.72,,6023,"Fuel / Petrol",2026,August 2025
2025-08-16,"Cheque Card Purchase - CCN*Drakenstein (14 Aug)",-52,,1702,"Director's Loan Account",2026,August 2025
2025-08-16,"Cheque Card Purchase - Tops Paarl (14 Aug)",-210,,1702,"Director's Loan Account",2026,August 2025
2025-08-16,"Other Bank ATM Cash Withdrawal - SBSA",-700,,1702,"Director's Loan Account",2026,August 2025
2025-08-16,"Cheque Card Purchase - Masterparts Paarl (14 Aug)",-263.98,,5001,"Cost of Goods Sold",2026,August 2025
2025-08-16,"Cash Withdrawal Fee",-17.85,,6004,"Bank Charges",2026,August 2025
2025-08-16,"Cheque Card Purchase - Mercedes Benz (14 Aug)",-672.7,,1702,"Director's Loan Account",2026,August 2025
2025-08-18,"IB Payment To - Mr RT Johnson (Reeve)",-300,,6022,"Director's Remuneration",2026,August 2025
2025-08-18,"Fee - Electronic Account Payment",-5.8,,6004,"Bank Charges",2026,August 2025
2025-08-18,"Fee: Payment Confirm - SMS (Mr RT Johnson)",-1.2,,6004,"Bank Charges",2026,August 2025
2025-08-18,"Cheque Card Purchase - OK Minimark (14 Aug)",-403.2,,1702,"Director's Loan Account",2026,August 2025
2025-08-18,"Cheque Card Purchase - C*BP Paarl (15 Aug)",-500,,6023,"Fuel / Petrol",2026,August 2025
2025-08-18,"Cheque Card Purchase - Autokolor Paarl (14 Aug)",-179.72,,5001,"Cost of Goods Sold",2026,August 2025
2025-08-18,"Cheque Card Purchase - C*Cellars Paarl (16 Aug)",-260,,1702,"Director's Loan Account",2026,August 2025
2025-08-18,"Magtape Credit - Kenny Groenewald",2745.25,,4001,"Sales / Revenue",2026,August 2025
2025-08-19,"Cheque Card Purchase - Groovy Chicken (17 Aug)",-190.94,,1702,"Director's Loan Account",2026,August 2025
2025-08-19,"Cheque Card Purchase - Tops Paarl (16 Aug)",-400,,1702,"Director's Loan Account",2026,August 2025
2025-08-19,"Cheque Card Purchase - C*Cellars Paarl (17 Aug)",-50,,1702,"Director's Loan Account",2026,August 2025
2025-08-20,"Cheque Card Purchase - Upstairs @ BL (17 Aug)",-45,,1702,"Director's Loan Account",2026,August 2025
2025-08-20,"Cheque Card Purchase - Upstairs @ BL (17 Aug)",-186,,1702,"Director's Loan Account",2026,August 2025
2025-08-20,"Cheque Card Purchase - OK Foods Paarl (17 Aug)",-135.15,,1702,"Director's Loan Account",2026,August 2025
2025-08-21,"Cheque Card Purchase - C*Build-It Ro (20 Aug)",-63.99,,1702,"Director's Loan Account",2026,August 2025
2025-08-21,"Electronic Banking Payment From - Abels Liquors",2926.75,,4001,"Sales / Revenue",2026,August 2025
2025-08-21,"IB Payment From - Quality Food Basket",2530.58,,4001,"Sales / Revenue",2026,August 2025
2025-08-21,"Cheque Card Purchase - Boland Hair Studio (19 Aug)",-60,,1702,"Director's Loan Account",2026,August 2025
2025-08-21,"Cheque Card Purchase - C*BP Paarl (19 Aug)",-500,,6023,"Fuel / Petrol",2026,August 2025
2025-08-22,"Cash Withdrawal Fee",-15.3,,6004,"Bank Charges",2026,August 2025
2025-08-22,"Fee - Electronic Account Payment",-5.8,,6004,"Bank Charges",2026,August 2025
2025-08-22,"Fee: Payment Confirm - SMS (Mr D Williams)",-1.2,,6004,"Bank Charges",2026,August 2025
2025-08-22,"IB Payment To - Mr D Williams (Salary)",-1000,,6022,"Director's Remuneration",2026,August 2025
2025-08-22,"Cheque Card Purchase - C*BP Paarl (20 Aug)",-500,,6023,"Fuel / Petrol",2026,August 2025
2025-08-22,"Fee: PayShap Payment",-7,,6004,"Bank Charges",2026,August 2025
2025-08-22,"Fee: Electricity Purchase",-1.2,,6020,"Utilities",2026,August 2025
2025-08-22,"Electricity Purchase",-50,,6020,"Utilities",2026,August 2025
2025-08-22,"Cheque Card Purchase - PnP CRP Paarl (20 Aug)",-442.85,,1702,"Director's Loan Account",2026,August 2025
2025-08-22,"Fee: Payment Confirm - SMS (Wade Vaughan)",-1.2,,6004,"Bank Charges",2026,August 2025
2025-08-22,"Cheque Card Purchase - IK *Forklift (19 Aug)",-100,,5001,"Cost of Goods Sold",2026,August 2025
2025-08-22,"Other Bank ATM Cash Withdrawal - SBSA",-600,,1702,"Director's Loan Account",2026,August 2025
2025-08-22,"PayShap Payment To - Payment",-1250,,1702,"Director's Loan Account",2026,August 2025
2025-08-23,"Cheque Card Purchase - Tops Paarl (21 Aug)",-421.35,,1702,"Director's Loan Account",2026,August 2025
2025-08-23,"Cheque Card Purchase - Huguenot Tunnel",-53,,6025,"Toll Gate Fees",2026,August 2025
2025-08-23,"Cheque Card Purchase - Superspar Paarl",-150,,1702,"Director's Loan Account",2026,August 2025
2025-08-23,"Cheque Card Purchase - Superspar Robertson (20 Aug)",-68.53,,1702,"Director's Loan Account",2026,August 2025
2025-08-23,"Fee: Payment Confirm - SMS (Mr RT Johnson)",-1.2,,6004,"Bank Charges",2026,August 2025
2025-08-23,"Cheque Card Purchase - Superspar Paarl (21 Aug)",-228.76,,1702,"Director's Loan Account",2026,August 2025
2025-08-23,"Fee - Electronic Account Payment",-5.8,,6004,"Bank Charges",2026,August 2025
2025-08-23,"IB Payment To - Mr RT Johnson (Reeve)",-200,,6022,"Director's Remuneration",2026,August 2025
2025-08-23,"Credit Transfer - Mikes Hydraulics",1035,,4001,"Sales / Revenue",2026,August 2025
2025-08-23,"Cheque Card Purchase - Huguenot Tunnel",-53,,6025,"Toll Gate Fees",2026,August 2025
2025-08-25,"Overdraft Interest",-603.85,,6004,"Bank Charges",2026,August 2025
2025-08-25,"Cheque Card Purchase - C*Diesel Elec (22 Aug)",-422.22,,5001,"Cost of Goods Sold",2026,August 2025
2025-08-25,"Cheque Card Purchase - C*Wynland Motors (22 Aug)",-500,,6011,"Motor Vehicle Expenses",2026,August 2025
2025-08-25,"Cheque Card Purchase - C*BP Paarl (22 Aug)",-500,,6023,"Fuel / Petrol",2026,August 2025
2025-08-25,"Credit Life Protection",-126.38,,6008,"Insurance",2026,August 2025
2025-08-25,"Cheque Card Purchase - Checkers Paarl (22 Aug)",-123.27,,1702,"Director's Loan Account",2026,August 2025
2025-08-26,"Cheque Card Purchase - 7-Eleven Thor (24 Aug)",-73.48,,1702,"Director's Loan Account",2026,August 2025
2025-08-26,"Cheque Card Purchase - Bhuiyan (24 Aug)",-52,,1702,"Director's Loan Account",2026,August 2025
2025-08-26,"PayShap Payment From - Mandy Johnson",2000,,6022,"Director's Remuneration",2026,August 2025
2025-08-26,"Cheque Card Purchase - #International",-3.91,,1702,"Director's Loan Account",2026,August 2025
2025-08-26,"Cheque Card Purchase - Checkers Paarl (23 Aug)",-627.75,,1702,"Director's Loan Account",2026,August 2025
2025-08-26,"Cheque Card Purchase - Sunshine Ecommerce (23 Aug)",-142.13,,1702,"Director's Loan Account",2026,August 2025
2025-08-26,"Cheque Card Purchase - Furball Pet Shop (22 Aug)",-150,,1702,"Director's Loan Account",2026,August 2025
2025-08-27,"Cheque Card Purchase - C*BP Paarl (25 Aug)",-300,,6023,"Fuel / Petrol",2026,August 2025
2025-08-27,"Cheque Card Purchase - Ultra Liquor (23 Aug)",-241.98,,1702,"Director's Loan Account",2026,August 2025
2025-08-27,"Cheque Card Purchase - Liquorshop (25 Aug)",-130,,1702,"Director's Loan Account",2026,August 2025
2025-08-27,"Credit Transfer - Hoekstra Fruit Farms",6273.83,,4001,"Sales / Revenue",2026,August 2025
2025-08-27,"Cheque Card Purchase - C*Abels Liquors (26 Aug)",-305,,1702,"Director's Loan Account",2026,August 2025
2025-08-28,"Cheque Card Purchase - SR Radiators (26 Aug)",-1023.5,,5001,"Cost of Goods Sold",2026,August 2025
2025-08-28,"Fee: Payment Confirm - SMS (Paarl Tow In)",-1.2,,6004,"Bank Charges",2026,August 2025
2025-08-28,"Electronic Banking Payment From - Abels Liquors",3990.5,,4001,"Sales / Revenue",2026,August 2025
2025-08-28,"IB Payment To - Paarl Tow In (Ernst)",-1700,,1702,"Director's Loan Account",2026,August 2025
2025-08-28,"Fee - Electronic Account Payment",-5.8,,6004,"Bank Charges",2026,August 2025
2025-08-28,"Magtape Credit - Invoice 2844 & 2845",4283.75,,4001,"Sales / Revenue",2026,August 2025
2025-08-28,"Credit Transfer - Cashfocus 2840 Agrimark",7181.75,,4001,"Sales / Revenue",2026,August 2025
2025-08-29,"Cheque Card Purchase - Shell Gelderb (27 Aug)",-400,,6023,"Fuel / Petrol",2026,August 2025
2025-08-29,"Electronic Banking Payment From - Abels Liquors",3553.5,,4001,"Sales / Revenue",2026,August 2025
2025-08-29,"Electronic Banking Payment From - Abels Liquors",1610,,4001,"Sales / Revenue",2026,August 2025
2025-08-29,"Fee: Payment Confirm - SMS (Wade Vaughan)",-1.2,,6004,"Bank Charges",2026,August 2025
2025-08-29,"JNL-7: MFC instalment 2025-08-29 - interest portion (loan amortization)",-9662.11,,2102,"MFC Vehicle Finance - Isuzu",2026,JNL-7
2025-08-29,"Fee - Immediate Payment",-10,,6004,"Bank Charges",2026,August 2025
2025-08-29,"Immediate Payment - Wade Vaughan",-1250,,6022,"Director's Remuneration",2026,August 2025
2025-08-29,"JNL-7: MFC instalment 2025-08-29 - interest portion (loan amortization)",9662.11,,6030,"Finance Charges - Vehicle Loan",2026,JNL-7
2025-08-29,"Fee - Debit Order",-4,,6004,"Bank Charges",2026,August 2025
2025-08-29,"Magtape Credit - Invoice 2841",5479.75,,4001,"Sales / Revenue",2026,August 2025
2025-08-29,"Registered DC Debit - Ned/MFC",-13364.21,,2102,"MFC Vehicle Finance - Isuzu",2026,August 2025
2025-08-30,"Fee - Debit Order",-4,,6004,"Bank Charges",2026,August 2025
2025-08-30,"Fee: Unused Facility",-5.64,,6004,"Bank Charges",2026,August 2025
2025-08-30,"Telephone Account - Telkom Mobile",-668.39,,6018,"Telephone",2026,August 2025
2025-08-30,"Overdraft Service Fee",-90,,6004,"Bank Charges",2026,August 2025
2025-08-30,"Monthly Management Fee",-9,,6004,"Bank Charges",2026,August 2025
2025-08-30,"Fee: MyUpdates For Business",-53,,6004,"Bank Charges",2026,August 2025
2025-08-30,"Cheque Card Purchase - IK *Hydraberg (27 Aug)",-639.06,,5001,"Cost of Goods Sold",2026,August 2025
2025-09-01,"Insurance Premium - Santam",-858,,6008,"Insurance",2026,September 2025
2025-09-01,"Fee - Debit Order",-4,,6004,"Bank Charges",2026,September 2025
2025-09-01,"Fee - Debit Order",-4,,6004,"Bank Charges",2026,September 2025
2025-09-01,"Debit Transfer - PACRS Debit John",-480,,1702,"Director's Loan Account",2026,September 2025
2025-09-01,"Fee - Debit Order",-4,,6004,"Bank Charges",2026,September 2025
2025-09-01,"Fee - Debit Order",-4,,6004,"Bank Charges",2026,September 2025
2025-09-01,"Account Payment - Old Mutual Insure Premium",-1505.09,,6008,"Insurance",2026,September 2025
2025-09-01,"Cheque Card Purchase - Tops Paarl (29 Aug)",-250,,1702,"Director's Loan Account",2026,September 2025
2025-09-01,"Insurance Premium - Old Mutual",-2399,,6008,"Insurance",2026,September 2025
2025-10-02,"Magtape Credit - Preda/AJ Forklifts",3991.08,,4001,"Sales / Revenue",2026,October 2025
2025-10-02,"Value Loaded To Virtual Card",-2000,,1702,"Director's Loan Account",2026,October 2025
2025-10-02,"Value Unload From Virtual Card",600,,1702,"Director's Loan Account",2026,October 2025
2025-10-02,"IB Payment From - Caylin (Service)",2300,,4001,"Sales / Revenue",2026,October 2025
2025-10-02,"Value Unload From Virtual Card",300,,1702,"Director's Loan Account",2026,October 2025
2025-10-03,"Electronic Banking Payment From - Invoice 2851 Bourbon Fruit",1909,,4001,"Sales / Revenue",2026,October 2025
2025-10-03,"PayShap Payment To - TVH Parts Pay",-1862.62,,5001,"Cost of Goods Sold",2026,October 2025
2025-10-03,"Fee: PayShap Payment",-7,,6004,"Bank Charges",2026,October 2025
2025-10-03,"Fee: Payment Confirm - SMS (Wade Vaughan)",-1.2,,6004,"Bank Charges",2026,October 2025
2025-10-03,"Fee: Payment Confirm - Email (TVH Parts SA)",-0.8,,5001,"Cost of Goods Sold",2026,October 2025
2025-10-03,"Fee: PayShap Payment",-7,,6004,"Bank Charges",2026,October 2025
2025-10-03,"PayShap Payment To - Payment",-1300,,1702,"Director's Loan Account",2026,October 2025
2025-10-04,"IB Payment From - Ashley",5000,,4001,"Sales / Revenue",2026,October 2025
2025-10-04,"Cheque Card Purchase - Superspar Paarl (02 Oct)",-667.99,,1702,"Director's Loan Account",2026,October 2025
2025-10-04,"Cheque Card Purchase - Engen De Werf (02 Oct)",-300,,6023,"Fuel / Petrol",2026,October 2025
2025-10-04,"Cheque Card Purchase - HPY*Arfan Shop (01 Oct)",-126,,1702,"Director's Loan Account",2026,October 2025
2025-10-04,"Cheque Card Purchase - Engen Drakenstein (02 Oct)",-200,,6023,"Fuel / Petrol",2026,October 2025
2025-10-06,"Electricity Purchase",-200,,6020,"Utilities",2026,October 2025
2025-10-06,"Cheque Card Purchase - Tops Paarl (03 Oct)",-509.3,,1702,"Director's Loan Account",2026,October 2025
2025-10-06,"Electricity Purchase",-200,,6020,"Utilities",2026,October 2025
2025-10-06,"Fee: Electricity Purchase",-1.8,,6020,"Utilities",2026,October 2025
2025-10-06,"Fee: Electricity Purchase",-1.8,,6020,"Utilities",2026,October 2025
2025-10-06,"Cheque Card Purchase - C*BP Paarl (03 Oct)",-400,,6023,"Fuel / Petrol",2026,October 2025
2025-10-07,"Cheque Card Purchase - Cellars (05 Oct)",-150,,1702,"Director's Loan Account",2026,October 2025
2025-10-07,"Cheque Card Purchase - Tops Paarl (04 Oct)",-219.99,,1702,"Director's Loan Account",2026,October 2025
2025-10-07,"Cheque Card Purchase - C*Cellars Paarl (05 Oct)",-145,,1702,"Director's Loan Account",2026,October 2025
2025-10-07,"Autobank Cash Deposit",6000,,1702,"Director's Loan Account",2026,October 2025
2025-10-07,"Cheque Card Purchase - Superspar Paarl (04 Oct)",-314.7,,1702,"Director's Loan Account",2026,October 2025
2025-10-07,"Fee - Immediate Payment",-50,,6004,"Bank Charges",2026,October 2025
2025-10-07,"Cash Deposit Fee - Autobank",-82.8,,6004,"Bank Charges",2026,October 2025
2025-10-07,"Immediate Payment - Midas Part Center",-4065.9,,5001,"Cost of Goods Sold",2026,October 2025
2025-10-08,"Cheque Card Purchase - Tops Paarl (06 Oct)",-219.99,,1702,"Director's Loan Account",2026,October 2025
2025-10-08,"Cheque Card Purchase - Yoco *Groov (05 Oct)",-90,,1702,"Director's Loan Account",2026,October 2025
2025-10-08,"Credit Transfer - ABSA Bank Ashley Forklifts",2640,,4001,"Sales / Revenue",2026,October 2025
2025-10-08,"Cheque Card Purchase - Yoco *Groov (05 Oct)",-620,,1702,"Director's Loan Account",2026,October 2025
2025-10-08,"Credit Transfer - Saturn Stainless Industries",3893.33,,4001,"Sales / Revenue",2026,October 2025
2025-10-08,"Cheque Card Purchase - Drakenstein Municipal (05 Oct)",-60,,6020,"Utilities",2026,October 2025
2025-10-08,"Cheque Card Purchase - Yoco *Groov (05 Oct)",-20,,1702,"Director's Loan Account",2026,October 2025
2025-10-08,"Cheque Card Purchase - Yoco *Groov (05 Oct)",-40,,1702,"Director's Loan Account",2026,October 2025
2025-10-08,"Cheque Card Purchase - Furball Pet Shop (04 Oct)",-310,,1702,"Director's Loan Account",2026,October 2025
2025-10-09,"Electricity Purchase",-200,,6020,"Utilities",2026,October 2025
2025-10-09,"Cheque Card Purchase - C*Wynland Motors (07 Oct)",-400,,6011,"Motor Vehicle Expenses",2026,October 2025
2025-10-09,"Credit Transfer - Invoice 2863",5363.03,,4001,"Sales / Revenue",2026,October 2025
2025-10-09,"Fee: Electricity Purchase",-1.8,,6020,"Utilities",2026,October 2025
2025-10-10,"Fee: PayShap Payment",-7,,6004,"Bank Charges",2026,October 2025
2025-10-10,"Fee: Payment Confirm - SMS (Wade Vaughan)",-1.2,,6004,"Bank Charges",2026,October 2025
2025-10-10,"PayShap Payment To - Payment",-1250,,1702,"Director's Loan Account",2026,October 2025
2025-10-10,"Registered DC Debit - Ned/MFC",-13364.21,,2102,"MFC Vehicle Finance - Isuzu",2026,October 2025
2025-10-10,"Fee - Debit Order",-4,,6004,"Bank Charges",2026,October 2025
2025-10-10,"Interbank Credit Transfer",9056.25,,4001,"Sales / Revenue",2026,October 2025
2025-10-10,"JNL-8: MFC instalment 2025-10-10 - interest portion (loan amortization)",-9609.36,,2102,"MFC Vehicle Finance - Isuzu",2026,JNL-8
2025-10-10,"JNL-8: MFC instalment 2025-10-10 - interest portion (loan amortization)",9609.36,,6030,"Finance Charges - Vehicle Loan",2026,JNL-8
2025-10-11,"IB Payment To - Mr RT Johnson (Reeve)",-300,,6022,"Director's Remuneration",2026,October 2025
2025-10-11,"Fee: Payment Confirm - SMS (Mr RT Johnson)",-1.2,,6004,"Bank Charges",2026,October 2025
2025-10-11,"Fee: Payment Confirm - SMS (Haygan Johnson)",-1.2,,6004,"Bank Charges",2026,October 2025
2025-10-11,"Cheque Card Purchase - Tops Paarl (09 Oct)",-320.32,,1702,"Director's Loan Account",2026,October 2025
2025-10-11,"Cheque Card Purchase - AS Family Store (08 Oct)",-473.81,,1702,"Director's Loan Account",2026,October 2025
2025-10-11,"Cheque Card Purchase - C*Wynland Motors (09 Oct)",-400,,6011,"Motor Vehicle Expenses",2026,October 2025
2025-10-11,"Fee - Electronic Account Payment",-5.8,,6004,"Bank Charges",2026,October 2025
2025-10-11,"Fee - Electronic Account Payment",-5.8,,6004,"Bank Charges",2026,October 2025
2025-10-11,"IB Payment To - Mr RT Johnson (Reeve)",-500,,6022,"Director's Remuneration",2026,October 2025
2025-10-11,"Fee - Electronic Account Payment",-5.8,,6004,"Bank Charges",2026,October 2025
2025-10-11,"IB Payment To - Haygan Johnson",-150,,6022,"Director's Remuneration",2026,October 2025
2025-10-11,"Fee: Payment Confirm - SMS (Mr RT Johnson)",-1.2,,6004,"Bank Charges",2026,October 2025
2025-10-13,"Other Bank ATM Cash Withdrawal - SBSA",-600,,1702,"Director's Loan Account",2026,October 2025
2025-10-13,"Cheque Card Purchase - C*BP Wine Route (10 Oct)",-500,,1702,"Director's Loan Account",2026,October 2025
2025-10-13,"IB Payment To - Haygan Johnson",-150,,6022,"Director's Remuneration",2026,October 2025
2025-10-13,"Fee - Electronic Account Payment",-5.8,,6004,"Bank Charges",2026,October 2025
2025-10-13,"Autobank Cash Withdrawal",-500,,1702,"Director's Loan Account",2026,October 2025
2025-10-13,"Cash Withdrawal Fee",-12.75,,6004,"Bank Charges",2026,October 2025
2025-10-13,"Fee: Payment Confirm - SMS (Haygan Johnson)",-1.2,,6004,"Bank Charges",2026,October 2025
2025-10-13,"Cheque Card Purchase - HPY*Arfan Shop (09 Oct)",-174,,1702,"Director's Loan Account",2026,October 2025
2025-10-13,"Cheque Card Purchase - C*Orleans Off (11 Oct)",-144,,1702,"Director's Loan Account",2026,October 2025
2025-10-13,"Cash Withdrawal Fee",-15.3,,6004,"Bank Charges",2026,October 2025
2025-10-13,"Cheque Card Purchase - Checkers Paarl (10 Oct)",-98.98,,1702,"Director's Loan Account",2026,October 2025
2025-10-13,"Cheque Card Purchase - C*Wynland Motors (10 Oct)",-300,,6011,"Motor Vehicle Expenses",2026,October 2025
2025-10-13,"Cheque Card Purchase - Cape Joy (10 Oct)",-109,,1702,"Director's Loan Account",2026,October 2025
2025-10-14,"Cheque Card Purchase - C*Cellars Paarl (12 Oct)",-500,,1702,"Director's Loan Account",2026,October 2025
2025-10-14,"Cheque Card Purchase - C*Cellars Paarl (12 Oct)",-200,,1702,"Director's Loan Account",2026,October 2025
2025-10-14,"Cheque Card Purchase - C*Cellars Paarl (13 Oct)",-25,,1702,"Director's Loan Account",2026,October 2025
2025-10-14,"Cheque Card Purchase - C*Cellars Paarl (12 Oct)",-500,,1702,"Director's Loan Account",2026,October 2025
2025-10-14,"Cheque Card Purchase - Expressmark (10 Oct)",-33.98,,1702,"Director's Loan Account",2026,October 2025
2025-10-14,"Cheque Card Purchase - OK Foods Paarl (10 Oct)",-351.65,,1702,"Director's Loan Account",2026,October 2025
2025-10-14,"Cheque Card Purchase - C*Cellars Paarl (12 Oct)",-500,,1702,"Director's Loan Account",2026,October 2025
2025-10-14,"Credit Transfer - Cashfocus 2859 Agrimark",3151,,4001,"Sales / Revenue",2026,October 2025
2025-10-14,"Credit Transfer - Cashfocus 2864 Agrimark",4425.08,,4001,"Sales / Revenue",2026,October 2025
2025-10-14,"Cheque Card Purchase - Air Lounge (12 Oct)",-38,,1702,"Director's Loan Account",2026,October 2025
2025-10-14,"Cheque Card Purchase - Ultra Liquor (10 Oct)",-297.96,,1702,"Director's Loan Account",2026,October 2025
2025-10-15,"Cheque Card Purchase - Clicks Rembrandt (13 Oct)",-84.97,,1702,"Director's Loan Account",2026,October 2025
2025-10-15,"Cheque Card Purchase - C*Fowkes Bros (14 Oct)",-183.54,,1702,"Director's Loan Account",2026,October 2025
2025-10-15,"Fee - Electronic Account Payment",-5.8,,6004,"Bank Charges",2026,October 2025
2025-10-15,"IB Payment To - SA Home Loans (Trust Bond)",-7062.46,,1702,"Director's Loan Account",2026,October 2025
2025-10-15,"Fee - Electronic Account Payment",-5.8,,6004,"Bank Charges",2026,October 2025
2025-10-15,"Value Unload From Virtual Card",1000,,1702,"Director's Loan Account",2026,October 2025
2025-10-15,"PayShap Payment To - AJ Salary",-1500,,6022,"Director's Remuneration",2026,October 2025
2025-10-15,"Cheque Card Purchase - FLM Paarl (12 Oct)",-416.55,,1702,"Director's Loan Account",2026,October 2025
2025-10-15,"Fee: PayShap Payment",-7,,6004,"Bank Charges",2026,October 2025
2025-10-15,"Cheque Card Purchase - Sea Harvest (13 Oct)",-87.53,,1702,"Director's Loan Account",2026,October 2025
2025-10-15,"Cheque Card Purchase - PnP Express Paarl (13 Oct)",-76.8,,1702,"Director's Loan Account",2026,October 2025
2025-10-15,"Cheque Card Purchase - PnP Express Paarl (12 Oct)",-46.9,,1702,"Director's Loan Account",2026,October 2025
2025-10-15,"IB Payment To - Haygan Johnson",-250,,6022,"Director's Remuneration",2026,October 2025
2025-10-15,"Fee: Payment Confirm - SMS (Haygan Johnson)",-1.2,,6004,"Bank Charges",2026,October 2025
2025-10-16,"Cash Withdrawal Fee",-12.75,,6004,"Bank Charges",2026,October 2025
2025-10-16,"Cheque Card Purchase - IK *Hydraberg (13 Oct)",-92,,5001,"Cost of Goods Sold",2026,October 2025
2025-10-16,"Other Bank ATM Cash Withdrawal - SBSA",-500,,1702,"Director's Loan Account",2026,October 2025
2025-10-17,"Electricity Purchase",-50,,6020,"Utilities",2026,October 2025
2025-10-17,"Fee: PayShap Payment",-7,,6004,"Bank Charges",2026,October 2025
2025-10-17,"Credit Transfer - Invoice 2868",5715.5,,4001,"Sales / Revenue",2026,October 2025
2025-10-17,"Fee: Electricity Purchase",-1.2,,6020,"Utilities",2026,October 2025
2025-10-17,"Cheque Card Purchase - C*Wynland Motors (15 Oct)",-500,,6011,"Motor Vehicle Expenses",2026,October 2025
2025-10-17,"Fee: Payment Confirm - SMS (Wade Vaughan)",-1.2,,6004,"Bank Charges",2026,October 2025
2025-10-17,"Value Unload From Virtual Card",200,,1702,"Director's Loan Account",2026,October 2025
2025-10-17,"Cheque Card Purchase - Expressmark (14 Oct)",-45.99,,1702,"Director's Loan Account",2026,October 2025
2025-10-17,"Cheque Card Purchase - Red Mountain (15 Oct)",-70,,1702,"Director's Loan Account",2026,October 2025
2025-10-17,"IB Payment From - Medfood Pty Ltd",1213.25,,4001,"Sales / Revenue",2026,October 2025
2025-10-17,"Fee: Payment Confirm - SMS (Haygan Johnson)",-1.2,,6004,"Bank Charges",2026,October 2025
2025-10-17,"Cheque Card Purchase - Superspar Paarl (15 Oct)",-246.2,,1702,"Director's Loan Account",2026,October 2025
2025-10-17,"Credit Transfer - Saturn Stainless Industries",2018.25,,4001,"Sales / Revenue",2026,October 2025
2025-10-17,"Fee - Electronic Account Payment",-5.8,,6004,"Bank Charges",2026,October 2025
2025-10-17,"PayShap Payment To - Payment",-1000,,1702,"Director's Loan Account",2026,October 2025
2025-10-17,"IB Payment To - Haygan Johnson",-250,,6022,"Director's Remuneration",2026,October 2025
2025-10-17,"Magtape Credit - Leo Agriproducts",1017.75,,4001,"Sales / Revenue",2026,October 2025
2025-10-18,"Cheque Card Purchase - Furball Pet Shop (15 Oct)",-150,,1702,"Director's Loan Account",2026,October 2025
2025-10-18,"Cheque Card Purchase - Afrox Stikland (16 Oct)",-470.4,,6023,"Fuel / Petrol",2026,October 2025
2025-10-20,"Fee: Electricity Purchase",-1.8,,6020,"Utilities",2026,October 2025
2025-10-20,"Cheque Card Purchase - Drs Schnetler (17 Oct)",-954.77,,1702,"Director's Loan Account",2026,October 2025
2025-10-20,"Cheque Card Purchase - BMG Paarl (17 Oct)",-274.05,,5001,"Cost of Goods Sold",2026,October 2025
2025-10-20,"Cheque Card Purchase - Ultra Liquor (16 Oct)",-239.96,,1702,"Director's Loan Account",2026,October 2025
2025-10-20,"Electricity Purchase",-100,,6020,"Utilities",2026,October 2025
2025-10-21,"Fee: Payment Confirm - SMS (Paarl Tow In)",-1.2,,6004,"Bank Charges",2026,October 2025
2025-10-21,"Cheque Card Purchase - Yoco *Paarl (18 Oct)",-220,,1702,"Director's Loan Account",2026,October 2025
2025-10-21,"Cheque Card Purchase - C*Essops Paarl (20 Oct)",-14,,1702,"Director's Loan Account",2026,October 2025
2025-10-21,"IB Payment To - Paarl Tow In (Agri Deliver)",-3000,,1702,"Director's Loan Account",2026,October 2025
2025-10-21,"Fee - Electronic Account Payment",-5.8,,6004,"Bank Charges",2026,October 2025
2025-10-21,"Cheque Card Purchase - C*Essops Paarl",-36,,1702,"Director's Loan Account",2026,October 2025
2025-10-21,"Credit Transfer - Wema Foods (Invoice 2873)",1213.25,,4001,"Sales / Revenue",2026,October 2025
2025-10-21,"Cheque Card Purchase - Groovy Chicken (18 Oct)",-312.85,,1702,"Director's Loan Account",2026,October 2025
2025-10-21,"Cheque Card Purchase - C*BP Paarl (19 Oct)",-500,,6023,"Fuel / Petrol",2026,October 2025
2025-10-22,"Cheque Card Purchase - Ultra Liquor (18 Oct)",-219.99,,1702,"Director's Loan Account",2026,October 2025
2025-10-22,"Cheque Card Purchase - HPY*Arfan Shop (19 Oct)",-124,,1702,"Director's Loan Account",2026,October 2025
2025-10-22,"Cheque Card Purchase - Superspar Paarl (18 Oct)",-1227.8,,1702,"Director's Loan Account",2026,October 2025
2025-10-22,"Cheque Card Purchase - Paarl Ice Cream (19 Oct)",-168,,1702,"Director's Loan Account",2026,October 2025
2025-10-22,"Cheque Card Purchase - Superspar Paarl",-200,,1702,"Director's Loan Account",2026,October 2025
2025-10-22,"Credit Transfer - Cashfocus 2870;2872 Agrimark",4479.83,,4001,"Sales / Revenue",2026,October 2025
2025-10-22,"Cheque Card Purchase - Superspar Paarl (20 Oct)",-72.47,,1702,"Director's Loan Account",2026,October 2025
2025-10-22,"Cheque Card Purchase - Spar Express (19 Oct)",-72.98,,1702,"Director's Loan Account",2026,October 2025
2025-10-23,"Electricity Purchase",-200,,6020,"Utilities",2026,October 2025
2025-10-23,"Electricity Purchase",-100,,6020,"Utilities",2026,October 2025
2025-10-23,"Cheque Card Purchase - Yoco *Ado Q (21 Oct)",-10,,1702,"Director's Loan Account",2026,October 2025
2025-10-23,"Fee: Electricity Purchase",-1.8,,6020,"Utilities",2026,October 2025
2025-10-23,"Other Bank ATM Cash Withdrawal - SBSA",-200,,1702,"Director's Loan Account",2026,October 2025
2025-10-23,"Cheque Card Purchase - S2S*Sonstraal (21 Oct)",-84,,1702,"Director's Loan Account",2026,October 2025
2025-10-23,"Cheque Card Purchase - Kaap Agri Paarl (21 Oct)",-152.02,,1702,"Director's Loan Account",2026,October 2025
2025-10-23,"Cash Withdrawal Fee",-5.1,,6004,"Bank Charges",2026,October 2025
2025-10-24,"Fee - Immediate Payment",-7,,6004,"Bank Charges",2026,October 2025
2025-10-24,"Cheque Card Purchase - Drakenstein Municipal (21 Oct)",-260,,6020,"Utilities",2026,October 2025
2025-10-24,"Immediate Payment - Wade Vaughan",-1250,,6022,"Director's Remuneration",2026,October 2025
2025-10-24,"Cheque Card Purchase - Spar Kasselsvlei (22 Oct)",-68.41,,1702,"Director's Loan Account",2026,October 2025
2025-10-24,"Cheque Card Purchase - Ultra Liquor (21 Oct)",-199.99,,1702,"Director's Loan Account",2026,October 2025
2025-10-24,"Other Bank ATM Balance Enquiry Fee",-11,,1702,"Director's Loan Account",2026,October 2025
2025-10-24,"Cheque Card Purchase - Boland Hair Studio (22 Oct)",-110,,1702,"Director's Loan Account",2026,October 2025
2025-10-24,"Fee: Payment Confirm - SMS (Wade Vaughan)",-1.2,,6004,"Bank Charges",2026,October 2025
2025-10-24,"Cheque Card Purchase - Engen Drakenstein (22 Oct)",-200,,6023,"Fuel / Petrol",2026,October 2025
2025-10-24,"Other Bank ATM Cash Withdrawal - SBSA",-200,,1702,"Director's Loan Account",2026,October 2025
2025-10-24,"Cheque Card Purchase - Superspar Paarl (21 Oct)",-181.61,,1702,"Director's Loan Account",2026,October 2025
2025-10-24,"Cash Withdrawal Fee",-5.1,,6004,"Bank Charges",2026,October 2025
2025-10-25,"Cheque Card Purchase - #International",-4.17,,1702,"Director's Loan Account",2026,October 2025
2025-10-25,"Overdraft Interest",-678.41,,6004,"Bank Charges",2026,October 2025
2025-10-25,"Excess Interest",-0.1,,6004,"Bank Charges",2026,October 2025
2025-10-25,"Credit Life Protection",-141.79,,6008,"Insurance",2026,October 2025
2025-10-25,"Cheque Card Purchase - CMS Motorcycles (23 Oct)",-145,,1702,"Director's Loan Account",2026,October 2025
2025-10-25,"Fee: Payment Confirm - SMS (Haygan Johnson)",-1.2,,6004,"Bank Charges",2026,October 2025
2025-10-25,"Cheque Card Purchase - C*BP Paarl (23 Oct)",-300,,6023,"Fuel / Petrol",2026,October 2025
2025-10-25,"Fee - Electronic Account Payment",-5.8,,6004,"Bank Charges",2026,October 2025
2025-10-25,"IB Payment To - Haygan Johnson",-200,,6022,"Director's Remuneration",2026,October 2025
2025-10-25,"Cheque Card Purchase - Shrimppe.com (23 Oct)",-151.73,,1702,"Director's Loan Account",2026,October 2025
2025-10-27,"Cheque Card Purchase - Sea Harvest (24 Oct)",-175.88,,1702,"Director's Loan Account",2026,October 2025
2025-10-27,"Fee - POS Declined Insufficient Funds (Cellars)",-5,,6004,"Bank Charges",2026,October 2025
2025-10-27,"Fee - POS Declined Insufficient Funds (Cellars)",-5,,6004,"Bank Charges",2026,October 2025
2025-10-28,"Cheque Card Purchase - C*BP Paarl (26 Oct)",-500,,6023,"Fuel / Petrol",2026,October 2025
2025-10-28,"Autobank Cash Withdrawal",-500,,1702,"Director's Loan Account",2026,October 2025
2025-10-28,"Cheque Card Purchase - S2S*Bangcafe (25 Oct)",-43,,1702,"Director's Loan Account",2026,October 2025
2025-10-28,"Cheque Card Purchase - Ultra Liquor (24 Oct)",-199.99,,1702,"Director's Loan Account",2026,October 2025
2025-10-28,"Cheque Card Purchase - Tops Paarl (25 Oct)",-41,,1702,"Director's Loan Account",2026,October 2025
2025-10-28,"Cheque Card Purchase - Drakenstein Municipal (24 Oct)",-1550.4,,6020,"Utilities",2026,October 2025
2025-10-28,"Cheque Card Purchase - OK Minimark (24 Oct)",-185.23,,1702,"Director's Loan Account",2026,October 2025
2025-10-28,"Cheque Card Purchase - C*Cellars Paarl (27 Oct)",-125,,1702,"Director's Loan Account",2026,October 2025
2025-10-28,"Cheque Card Purchase - AS Family Store (26 Oct)",-90,,1702,"Director's Loan Account",2026,October 2025
2025-10-28,"PayShap Payment From - A J Forklift",400,,4001,"Sales / Revenue",2026,October 2025
2025-10-28,"Cash Withdrawal Fee",-12.75,,6004,"Bank Charges",2026,October 2025
2025-10-28,"Cheque Card Purchase - Cellars (26 Oct)",-100,,1702,"Director's Loan Account",2026,October 2025
2025-10-29,"Cheque Card Purchase - Drakenstein Municipal (26 Oct)",-140,,6020,"Utilities",2026,October 2025
2025-10-29,"Cheque Card Purchase - S2S*Sonstraal (27 Oct)",-44,,1702,"Director's Loan Account",2026,October 2025
2025-10-29,"Credit Transfer - Hoekstra Fruit Farms",3133.75,,4001,"Sales / Revenue",2026,October 2025
2025-10-30,"Fee: PayShap Payment",-7,,6004,"Bank Charges",2026,October 2025
2025-10-30,"PayShap Payment To - AJ Salary",-300,,6022,"Director's Remuneration",2026,October 2025
2025-10-30,"Fee: Payment Confirm - SMS (A H Johnson)",-1.2,,6004,"Bank Charges",2026,October 2025
2025-10-31,"Fee - Debit Order",-4,,6004,"Bank Charges",2026,October 2025
2025-10-31,"Fee - Unpaid Item",-25,,6004,"Bank Charges",2026,October 2025
2025-10-31,"Fee: Payment Confirm - SMS (Wade Vaughan)",-1.2,,6004,"Bank Charges",2026,October 2025
2025-10-31,"Overdraft Service Fee",-90,,6004,"Bank Charges",2026,October 2025
2025-10-31,"Monthly Management Fee",-9,,6004,"Bank Charges",2026,October 2025
2025-10-31,"Account Payment - Old Mutual Insure Premium",-1899.73,,6008,"Insurance",2026,October 2025
2025-10-31,"Insurance Premium - Santam",-858,,6008,"Insurance",2026,October 2025
2025-10-31,"Fee - Debit Order",-4,,6004,"Bank Charges",2026,October 2025
2025-10-31,"RTD - Not Provided For (Old Mutual Insure Premium reversal)",1899.73,,6008,"Insurance",2026,October 2025
2025-10-31,"Fee - Debit Order",-4,,6004,"Bank Charges",2026,October 2025
2025-10-31,"Fee - Unpaid Item",-25,,6004,"Bank Charges",2026,October 2025
2025-10-31,"Fee: MyUpdates For Business",-62.5,,6004,"Bank Charges",2026,October 2025
2025-10-31,"Insurance Premium - Santam",-858,,6008,"Insurance",2026,October 2025
2025-10-31,"Debit Transfer - Old Mutual Insure Premium",-1899.73,,6008,"Insurance",2026,October 2025
2025-10-31,"Fee - Debit Order",-4,,6004,"Bank Charges",2026,October 2025
2025-10-31,"Credit Transfer - Cashfocus Ref 2875",3646.75,,4001,"Sales / Revenue",2026,October 2025
2025-10-31,"IB Payment To - Wade Vaughan (Payment)",-550,,6022,"Director's Remuneration",2026,October 2025
2025-10-31,"RTD - Not Provided For (Telkom Mobile reversal)",884.16,,1702,"Director's Loan Account",2026,October 2025
2025-10-31,"Fee: Unused Facility",-2.26,,6004,"Bank Charges",2026,October 2025
2025-10-31,"Fee - Electronic Account Payment",-5.8,,6004,"Bank Charges",2026,October 2025
2025-10-31,"Fee - Debit Order",-4,,6004,"Bank Charges",2026,October 2025
2025-10-31,"Telephone Account - Telkom Mobile",-884.16,,6018,"Telephone",2026,October 2025
2025-11-01,"Cheque Card Purchase - C*BP Paarl (30 Oct)",-300,,6023,"Fuel / Petrol",2026,November 2025
2025-11-01,"Fee - Debit Order",-4,,6004,"Bank Charges",2026,November 2025
2025-11-01,"Fee - POS Declined Insufficient Funds (Tops Paarl)",-5,,6004,"Bank Charges",2026,November 2025
2025-11-01,"IB Payment From - Ashley",3000,,4001,"Sales / Revenue",2026,November 2025
2025-11-01,"Debit Transfer - PACRS Debit John",-499.68,,1702,"Director's Loan Account",2026,November 2025
2025-11-01,"Cheque Card Purchase - Everest (30 Oct)",-1584.71,,1702,"Director's Loan Account",2026,November 2025
2025-11-01,"Fee - POS Declined Insufficient Funds (Tops Paarl)",-5,,6004,"Bank Charges",2026,November 2025
2025-11-03,"Fee - Debit Order",-4,,6004,"Bank Charges",2026,November 2025
2025-11-03,"Fee - Debit Order",-4,,6004,"Bank Charges",2026,November 2025
2025-11-03,"Other Bank ATM Cash Withdrawal - SBSA",-500,,1702,"Director's Loan Account",2026,November 2025
2025-11-03,"Cash Withdrawal Fee",-12.75,,6004,"Bank Charges",2026,November 2025
2025-11-03,"Cheque Card Purchase - Masterparts Paarl (31 Oct)",-265.28,,5001,"Cost of Goods Sold",2026,November 2025
2025-11-03,"Magtape Credit - Preda/AJ Forklifts",5443.77,,4001,"Sales / Revenue",2026,November 2025
2025-11-03,"Insurance Premium - Old Mutual",-2399,,6008,"Insurance",2026,November 2025
2025-11-03,"Insurance Premium - Old Mutual",-2399,,6008,"Insurance",2026,November 2025
2025-11-03,"Cheque Card Purchase - Yoco *Cell (31 Oct)",-150,,1702,"Director's Loan Account",2026,November 2025
2025-11-04,"Other Bank ATM Cash Withdrawal - SBSA",-600,,1702,"Director's Loan Account",2026,November 2025
2025-11-04,"Cash Withdrawal Fee",-15.3,,6004,"Bank Charges",2026,November 2025
2025-11-04,"Cheque Card Purchase - S2S*Sonstraal (02 Nov)",-108,,1702,"Director's Loan Account",2026,November 2025
2025-11-04,"Cheque Card Purchase - Tops Paarl (01 Nov)",-351.34,,1702,"Director's Loan Account",2026,November 2025
2025-11-04,"Other Bank ATM Balance Enquiry Fee",-11,,1702,"Director's Loan Account",2026,November 2025
2025-11-05,"Credit Transfer - Hoekstra Fruit Farms",14174.04,,4001,"Sales / Revenue",2026,November 2025
2025-11-05,"Credit Transfer - Cashfocus 2876 Agrimark",4358.5,,4001,"Sales / Revenue",2026,November 2025
2025-11-05,"Cheque Card Purchase - AS Family Store (02 Nov)",-143.53,,1702,"Director's Loan Account",2026,November 2025
2025-11-06,"Registered DC Debit - Ned/MFC",-13364.21,,2102,"MFC Vehicle Finance - Isuzu",2026,November 2025
2025-11-06,"Credit Transfer - Cashfocus Invoice 2879",3537.23,,4001,"Sales / Revenue",2026,November 2025
2025-11-06,"Fee - Electronic Account Payment",-5.8,,6004,"Bank Charges",2026,November 2025
2025-11-06,"IB Payment To - Mikes Hydraulics (Agri)",-400,,5001,"Cost of Goods Sold",2026,November 2025
2025-11-06,"Electricity Purchase",-100,,6020,"Utilities",2026,November 2025
2025-11-06,"Fee - Debit Order",-4,,6004,"Bank Charges",2026,November 2025
2025-11-06,"Fee: Electricity Purchase",-1.8,,6020,"Utilities",2026,November 2025
2025-11-06,"JNL-9: MFC instalment 2025-11-06 - interest portion (loan amortization)",-9555.85,,2102,"MFC Vehicle Finance - Isuzu",2026,JNL-9
2025-11-06,"Fee: Electricity Purchase",-1.8,,6020,"Utilities",2026,November 2025
2025-11-06,"JNL-9: MFC instalment 2025-11-06 - interest portion (loan amortization)",9555.85,,6030,"Finance Charges - Vehicle Loan",2026,JNL-9
2025-11-06,"Electricity Purchase",-200,,6020,"Utilities",2026,November 2025
2025-11-07,"PayShap Payment To - Payment",-1250,,1702,"Director's Loan Account",2026,November 2025
2025-11-07,"Cheque Card Purchase - CCN*Drakenstein (05 Nov)",-42,,1702,"Director's Loan Account",2026,November 2025
2025-11-07,"Cheque Card Purchase - HPY*Arfan Shop (04 Nov)",-42,,1702,"Director's Loan Account",2026,November 2025
2025-11-07,"Cheque Card Purchase - SAC Trucks Paarl (04 Nov)",-964.8,,5001,"Cost of Goods Sold",2026,November 2025
2025-11-07,"Fee: PayShap Payment",-7,,6004,"Bank Charges",2026,November 2025
2025-11-07,"Cheque Card Purchase - Expressmark (04 Nov)",-60.98,,1702,"Director's Loan Account",2026,November 2025
2025-11-07,"Credit Transfer - Cashfocus Invoice 2842",3208.5,,4001,"Sales / Revenue",2026,November 2025
2025-11-07,"Fee: Payment Confirm - SMS (Wade Vaughan)",-1.2,,6004,"Bank Charges",2026,November 2025
2025-11-07,"Magtape Credit - Kenny Groenewald",1675,,4001,"Sales / Revenue",2026,November 2025
2025-11-07,"Cheque Card Purchase - I Startimes (06 Nov)",-399,,1702,"Director's Loan Account",2026,November 2025
2025-11-08,"Cheque Card Purchase - CCN*Drakenstein (06 Nov)",-86,,1702,"Director's Loan Account",2026,November 2025
2025-11-08,"Cheque Card Purchase - Superspar Paarl (06 Nov)",-144.98,,1702,"Director's Loan Account",2026,November 2025
2025-11-08,"Cheque Card Purchase - The Boer And (06 Nov)",-326.3,,1702,"Director's Loan Account",2026,November 2025
2025-11-08,"Cheque Card Purchase - Masterparts Paarl (06 Nov)",-1875.37,,5001,"Cost of Goods Sold",2026,November 2025
2025-11-08,"Autobank Cash Withdrawal",-800,,1702,"Director's Loan Account",2026,November 2025
2025-11-08,"Cash Withdrawal Fee",-20.4,,6004,"Bank Charges",2026,November 2025
2025-11-08,"Other Bank ATM Cash Withdrawal - SBSA",-600,,1702,"Director's Loan Account",2026,November 2025
2025-11-08,"Cash Withdrawal Fee",-15.3,,6004,"Bank Charges",2026,November 2025
2025-11-08,"Cheque Card Purchase - C*Diesel Elec (06 Nov)",-189.75,,5001,"Cost of Goods Sold",2026,November 2025
2025-11-10,"Electricity Purchase",-100,,6020,"Utilities",2026,November 2025
2025-11-10,"Fee - Electronic Account Payment",-5.8,,6004,"Bank Charges",2026,November 2025
2025-11-10,"Cash Withdrawal Fee",-15.3,,6004,"Bank Charges",2026,November 2025
2025-11-10,"Cheque Card Purchase - OK Liquor Paarl (06 Nov)",-89.99,,1702,"Director's Loan Account",2026,November 2025
2025-11-10,"IB Payment To - Haygan Johnson",-100,,6022,"Director's Remuneration",2026,November 2025
2025-11-10,"Fee: Payment Confirm - SMS (Haygan Johnson)",-1.2,,6004,"Bank Charges",2026,November 2025
2025-11-10,"Autobank Cash Withdrawal",-600,,1702,"Director's Loan Account",2026,November 2025
2025-11-10,"Cheque Card Purchase - HPY*Arfan Shop (06 Nov)",-38,,1702,"Director's Loan Account",2026,November 2025
2025-11-10,"Cheque Card Purchase - Bhuiyan (07 Nov)",-50,,1702,"Director's Loan Account",2026,November 2025
2025-11-10,"Cheque Card Purchase - CC Fresh Express (07 Nov)",-84.33,,1702,"Director's Loan Account",2026,November 2025
2025-11-10,"Fee: Electricity Purchase",-1.8,,6020,"Utilities",2026,November 2025
2025-11-10,"Cheque Card Purchase - Pet and Pool (07 Nov)",-159.95,,1702,"Director's Loan Account",2026,November 2025
2025-11-11,"Cheque Card Purchase - Yoco *Rocxi (08 Nov)",-300,,1702,"Director's Loan Account",2026,November 2025
2025-11-11,"Cheque Card Purchase - Ultra Liquor (07 Nov)",-298.96,,1702,"Director's Loan Account",2026,November 2025
2025-11-11,"Cheque Card Purchase - PnP Fam Langebaan (08 Nov)",-38.97,,1702,"Director's Loan Account",2026,November 2025
2025-11-11,"Cheque Card Purchase - PnP Fam Langebaan (08 Nov)",-270.27,,1702,"Director's Loan Account",2026,November 2025
2025-11-11,"Cheque Card Purchase - Superspar Paarl (09 Nov)",-339.77,,1702,"Director's Loan Account",2026,November 2025
2025-11-11,"Cheque Card Purchase - Engen Hopefield (08 Nov)",-300,,6023,"Fuel / Petrol",2026,November 2025
2025-11-11,"Autobank Cash Deposit",2300,,1702,"Director's Loan Account",2026,November 2025
2025-11-11,"Cheque Card Purchase - One Up Wholesale (07 Nov)",-365,,1702,"Director's Loan Account",2026,November 2025
2025-11-11,"Cheque Card Purchase - Superspar Paarl (08 Nov)",-71.46,,1702,"Director's Loan Account",2026,November 2025
2025-11-11,"Credit Transfer - C-Pack Corrugated",9379.41,,4001,"Sales / Revenue",2026,November 2025
2025-11-11,"Cash Deposit Fee - Autobank",-34.7,,6004,"Bank Charges",2026,November 2025
2025-11-11,"Cheque Card Purchase - C*Wynland Motors (08 Nov)",-500,,6011,"Motor Vehicle Expenses",2026,November 2025
2025-11-12,"Cheque Card Purchase - Upstairs @ BL (09 Nov)",-87,,1702,"Director's Loan Account",2026,November 2025
2025-11-12,"Cheque Card Purchase - Shooters (09 Nov)",-500,,1702,"Director's Loan Account",2026,November 2025
2025-11-12,"Electricity Purchase",-200,,6020,"Utilities",2026,November 2025
2025-11-12,"Fee: Electricity Purchase",-1.8,,6020,"Utilities",2026,November 2025
2025-11-12,"Cheque Card Purchase - Tops At Spar (10 Nov)",-94.99,,1702,"Director's Loan Account",2026,November 2025
2025-11-12,"Cheque Card Purchase - C*BP Paarl (10 Nov)",-600,,6023,"Fuel / Petrol",2026,November 2025
2025-11-12,"Cheque Card Purchase - Spar Moorreesburg (10 Nov)",-29.99,,1702,"Director's Loan Account",2026,November 2025
2025-11-13,"Cheque Card Purchase - Tops Paarl (11 Nov)",-424.98,,1702,"Director's Loan Account",2026,November 2025
2025-11-13,"PayShap Payment To - AJ Salary",-900,,6022,"Director's Remuneration",2026,November 2025
2025-11-13,"Cheque Card Purchase - Markham Paarl (11 Nov)",-510,,1702,"Director's Loan Account",2026,November 2025
2025-11-13,"Fee - Immediate Payment",-50,,6004,"Bank Charges",2026,November 2025
2025-11-13,"Immediate Payment - A H Johnson",-5000,,6022,"Director's Remuneration",2026,November 2025
2025-11-13,"Fee: PayShap Payment",-7,,6004,"Bank Charges",2026,November 2025
2025-11-13,"Fee: Payment Confirm - SMS (A H Johnson)",-1.2,,6004,"Bank Charges",2026,November 2025
2025-11-13,"Cheque Card Purchase - Afrox Stikland (11 Nov)",-445.97,,6023,"Fuel / Petrol",2026,November 2025
2025-11-13,"Fee: Payment Confirm - SMS (A H Johnson)",-1.2,,6004,"Bank Charges",2026,November 2025
2025-11-14,"Cheque Card Purchase - C*Paarl Ultimate (13 Nov)",-423,,1702,"Director's Loan Account",2026,November 2025
2025-11-14,"Fee: PayShap Payment",-7,,6004,"Bank Charges",2026,November 2025
2025-11-14,"Fee: Payment Confirm - SMS (Wade Vaughan)",-1.2,,6004,"Bank Charges",2026,November 2025
2025-11-14,"PayShap Payment To - Payment",-1250,,1702,"Director's Loan Account",2026,November 2025
2025-11-15,"Real Time Transfer From - E Martin",20000,,4001,"Sales / Revenue",2026,November 2025
2025-11-15,"Cheque Card Purchase - Mikes Hydraulics (13 Nov)",-258,,5001,"Cost of Goods Sold",2026,November 2025
2025-11-15,"Fee - Electronic Account Payment",-5.8,,6004,"Bank Charges",2026,November 2025
2025-11-15,"Fee: Payment Confirm - SMS (Mr RT Johnson)",-1.2,,6004,"Bank Charges",2026,November 2025
2025-11-15,"Cheque Card Purchase - Mikes Hydraulics (13 Nov)",-2000,,5001,"Cost of Goods Sold",2026,November 2025
2025-11-15,"Cheque Card Purchase - Coastal Hire (12 Nov)",-200,,6027,"Small Equipment",2026,November 2025
2025-11-15,"IB Payment To - Mr RT Johnson (Reeve)",-300,,6022,"Director's Remuneration",2026,November 2025
2025-11-17,"Electricity Purchase",-200,,6020,"Utilities",2026,November 2025
2025-11-17,"Fee: Electricity Purchase",-1.8,,6020,"Utilities",2026,November 2025
2025-11-17,"Cash Withdrawal Fee",-5.1,,6004,"Bank Charges",2026,November 2025
2025-11-17,"Autobank Cash Withdrawal",-200,,1702,"Director's Loan Account",2026,November 2025
2025-11-17,"Cheque Card Purchase - HPY*Arfan Shop (13 Nov)",-84,,1702,"Director's Loan Account",2026,November 2025
2025-11-17,"Cheque Card Purchase - Payd Easypay (13 Nov)",-844,,1702,"Director's Loan Account",2026,November 2025
2025-11-17,"Cheque Card Purchase - Superspar Paarl (14 Nov)",-129.27,,1702,"Director's Loan Account",2026,November 2025
2025-11-17,"Cheque Card Purchase - Masterparts Paarl (14 Nov)",-322.77,,5001,"Cost of Goods Sold",2026,November 2025
2025-11-18,"Cheque Card Purchase - KFC Paarl East (15 Nov)",-60.9,,1702,"Director's Loan Account",2026,November 2025
2025-11-18,"Cheque Card Purchase - McDonald's Paarl (15 Nov)",-59.4,,1702,"Director's Loan Account",2026,November 2025
2025-11-18,"Cheque Card Purchase - C*Wynland Motors (15 Nov)",-500,,6011,"Motor Vehicle Expenses",2026,November 2025
2025-11-18,"Cheque Card Purchase - Superspar Paarl (15 Nov)",-70.48,,1702,"Director's Loan Account",2026,November 2025
2025-11-18,"Cheque Card Purchase - C*BP Paarl (16 Nov)",-200,,6023,"Fuel / Petrol",2026,November 2025
2025-11-18,"Credit Transfer - Cashfocus 2880 Agrimark",5502.18,,4001,"Sales / Revenue",2026,November 2025
2025-11-18,"Cheque Card Purchase - PnP Express Paarl (15 Nov)",-93.8,,1702,"Director's Loan Account",2026,November 2025
2025-11-18,"Cheque Card Purchase - Drakenstein Municipal (15 Nov)",-60,,6020,"Utilities",2026,November 2025
2025-11-19,"Cheque Card Purchase - Superspar Paarl (16 Nov)",-929.41,,1702,"Director's Loan Account",2026,November 2025
2025-11-19,"Cheque Card Purchase - Diesel Injectors (17 Nov)",-316.25,,5001,"Cost of Goods Sold",2026,November 2025
2025-11-19,"Cheque Card Purchase - HPY*Arfan Shop (16 Nov)",-15,,1702,"Director's Loan Account",2026,November 2025
2025-11-19,"Cheque Card Purchase - OK Minimark (16 Nov)",-126.92,,1702,"Director's Loan Account",2026,November 2025
2025-11-19,"Cheque Card Purchase - Masterparts Paarl (17 Nov)",-116.66,,5001,"Cost of Goods Sold",2026,November 2025
2025-11-19,"Cheque Card Purchase - Masterparts Paarl (17 Nov)",-1379.96,,5001,"Cost of Goods Sold",2026,November 2025
2025-11-19,"Autobank Cash Withdrawal",-300,,1702,"Director's Loan Account",2026,November 2025
2025-11-19,"Cheque Card Purchase - Superspar Paarl (17 Nov)",-77,,1702,"Director's Loan Account",2026,November 2025
2025-11-19,"Cash Withdrawal Fee",-7.65,,6004,"Bank Charges",2026,November 2025
2025-11-19,"Cheque Card Purchase - Masterparts Paarl (17 Nov)",-226.92,,5001,"Cost of Goods Sold",2026,November 2025
2025-11-20,"Cheque Card Purchase - Family Farmstall (17 Nov)",-150,,1702,"Director's Loan Account",2026,November 2025
2025-11-20,"Cheque Card Purchase - Ultra Liquor (17 Nov)",-277.97,,1702,"Director's Loan Account",2026,November 2025
2025-11-20,"Cheque Card Purchase - C*BP Paarl (18 Nov)",-500,,6023,"Fuel / Petrol",2026,November 2025
2025-11-20,"Fee: Electricity Purchase",-1.8,,6020,"Utilities",2026,November 2025
2025-11-20,"Electricity Purchase",-200,,6020,"Utilities",2026,November 2025
2025-11-20,"Cheque Card Purchase - SP Motor Engineers (17 Nov)",-3000,,1702,"Director's Loan Account",2026,November 2025
2025-11-21,"Electricity Purchase",-300,,6020,"Utilities",2026,November 2025
2025-11-21,"Cheque Card Purchase - C*Filco Parts (20 Nov)",-228.53,,5001,"Cost of Goods Sold",2026,November 2025
2025-11-21,"Fee: Electricity Purchase",-1.8,,6020,"Utilities",2026,November 2025
2025-11-21,"Cheque Card Purchase - Everest (19 Nov)",-1303.26,,1702,"Director's Loan Account",2026,November 2025
2025-11-21,"Cheque Card Purchase - IK *Forklift (18 Nov)",-807.3,,5001,"Cost of Goods Sold",2026,November 2025
2025-11-21,"Cheque Card Purchase - Femo Auto Parts (19 Nov)",-380,,5001,"Cost of Goods Sold",2026,November 2025
2025-11-21,"Autobank Cash Withdrawal",-3000,,1702,"Director's Loan Account",2026,November 2025
2025-11-21,"Cheque Card Purchase - HPY*Marhaba (18 Nov)",-70,,1702,"Director's Loan Account",2026,November 2025
2025-11-21,"Cash Withdrawal Fee",-76.5,,6004,"Bank Charges",2026,November 2025
2025-11-22,"Cheque Card Purchase - ML Paarl (20 Nov)",-296.79,,1702,"Director's Loan Account",2026,November 2025
2025-11-22,"Cheque Card Purchase - FLM Paarl (20 Nov)",-607.97,,1702,"Director's Loan Account",2026,November 2025
2025-11-24,"Cheque Card Purchase - SR Radiators (21 Nov)",-450,,5001,"Cost of Goods Sold",2026,November 2025
2025-11-24,"Cheque Card Purchase - CC Fresh Express (21 Nov)",-1364.28,,1702,"Director's Loan Account",2026,November 2025
2025-11-24,"IB Payment To - Haygan Johnson",-100,,6022,"Director's Remuneration",2026,November 2025
2025-11-24,"Fee - Electronic Account Payment",-5.8,,6004,"Bank Charges",2026,November 2025
2025-11-24,"PayShap Payment To - Benz",-1250,,1702,"Director's Loan Account",2026,November 2025
2025-11-24,"Fee: PayShap Payment",-7,,6004,"Bank Charges",2026,November 2025
2025-11-24,"Cash Withdrawal Fee",-7.65,,6004,"Bank Charges",2026,November 2025
2025-11-24,"Fee: Payment Confirm - SMS (Haygan Johnson)",-1.2,,6004,"Bank Charges",2026,November 2025
2025-11-24,"Cheque Card Purchase - C*BP Paarl (21 Nov)",-300,,6023,"Fuel / Petrol",2026,November 2025
2025-11-24,"Other Bank ATM Cash Withdrawal - SBSA",-300,,1702,"Director's Loan Account",2026,November 2025
2025-11-24,"Cheque Card Purchase - HPY*Arfan Shop (20 Nov)",-67,,1702,"Director's Loan Account",2026,November 2025
2025-11-25,"Bank Charges - #International",-4.15,,1702,"Director's Loan Account",2026,November 2025
2025-11-25,"Cheque Card Purchase - C*Die Visfabr (23 Nov)",-345.3,,1702,"Director's Loan Account",2026,November 2025
2025-11-25,"Cheque Card Purchase - Tops Paarl (22 Nov)",-463.32,,1702,"Director's Loan Account",2026,November 2025
2025-11-25,"Overdraft Interest",-657.14,,6004,"Bank Charges",2026,November 2025
2025-11-25,"Cheque Card Purchase - On The Line (22 Nov)",-151.07,,1702,"Director's Loan Account",2026,November 2025
2025-11-25,"Credit Life Protection",-137.69,,6008,"Insurance",2026,November 2025
2025-11-26,"PayShap Payment From - Mandy Johnson",10000,,6022,"Director's Remuneration",2026,November 2025
2025-11-26,"Immediate Payment - Midas Part Center",-4048,,5001,"Cost of Goods Sold",2026,November 2025
2025-11-26,"Fee - Immediate Payment",-50,,6004,"Bank Charges",2026,November 2025
2025-11-26,"Credit Transfer - Invoice 2886",1598.5,,4001,"Sales / Revenue",2026,November 2025
2025-11-27,"Cheque Card Purchase - Superspar Paarl (25 Nov)",-305.4,,1702,"Director's Loan Account",2026,November 2025
2025-11-27,"Cheque Card Purchase - AS Family Store (24 Nov)",-344.64,,1702,"Director's Loan Account",2026,November 2025
2025-11-27,"Cheque Card Purchase - Tops Paarl (25 Nov)",-159.33,,1702,"Director's Loan Account",2026,November 2025
2025-11-28,"Cheque Card Purchase - CC Fresh Express (26 Nov)",-324.78,,1702,"Director's Loan Account",2026,November 2025
2025-11-28,"Fee - Electronic Account Payment",-5.8,,6004,"Bank Charges",2026,November 2025
2025-11-28,"Fee: Payment Confirm - SMS (Wade Vaughan)",-1.2,,6004,"Bank Charges",2026,November 2025
2025-11-28,"Cheque Card Purchase - Checkers Paarl (26 Nov)",-58.99,,1702,"Director's Loan Account",2026,November 2025
2025-11-28,"Cheque Card Purchase - Jeto Hydraulics (25 Nov)",-126.5,,5001,"Cost of Goods Sold",2026,November 2025
2025-11-28,"Cheque Card Purchase - C*BP Paarl (26 Nov)",-500,,6023,"Fuel / Petrol",2026,November 2025
2025-11-28,"Cheque Card Purchase - C*OK Express (27 Nov)",-42.98,,1702,"Director's Loan Account",2026,November 2025
2025-11-28,"IB Payment To - Wade Vaughan (Payment)",-1250,,6022,"Director's Remuneration",2026,November 2025
2025-11-28,"Cheque Card Purchase - Checkers Paarl (26 Nov)",-37.99,,1702,"Director's Loan Account",2026,November 2025
2025-11-28,"Cheque Card Purchase - Liquorshop (26 Nov)",-209.99,,1702,"Director's Loan Account",2026,November 2025
2025-11-29,"Fee: MyUpdates For Business",-55,,6004,"Bank Charges",2026,November 2025
2025-11-29,"Cheque Card Purchase - Tops Paarl (27 Nov)",-209.97,,1702,"Director's Loan Account",2026,November 2025
2025-11-29,"Fee: Unused Facility",-7.6,,6004,"Bank Charges",2026,November 2025
2025-11-29,"Telephone Account - Telkom Mobile",-924.37,,6018,"Telephone",2026,November 2025
2025-11-29,"Cheque Card Purchase - The Boer And (27 Nov)",-125.3,,1702,"Director's Loan Account",2026,November 2025
2025-11-29,"Cheque Card Purchase - Boland Hair Studio (27 Nov)",-110,,1702,"Director's Loan Account",2026,November 2025
2025-11-29,"Fee - Debit Order",-4,,6004,"Bank Charges",2026,November 2025
2025-11-29,"Monthly Management Fee",-9,,6004,"Bank Charges",2026,November 2025
2025-11-29,"Cheque Card Purchase - Checkers Hyper (27 Nov)",-835.75,,1702,"Director's Loan Account",2026,November 2025
2025-11-29,"Overdraft Service Fee",-90,,6004,"Bank Charges",2026,November 2025
2025-11-29,"RTD - Not Provided For (Telkom Mobile reversal)",924.37,,1702,"Director's Loan Account",2026,November 2025
2025-11-29,"Fee - Unpaid Item",-25,,6004,"Bank Charges",2026,November 2025
2025-12-01,"Cheque Card Purchase - Allseal Paarl (27 Nov)",-57.5,,5001,"Cost of Goods Sold",2026,December 2025
2025-12-01,"RTD - Not Provided For (PACRS Debit John reversal)",849.68,,1702,"Director's Loan Account",2026,December 2025
2025-12-01,"Cheque Card Purchase - Masterparts Paarl (28 Nov)",-5719.71,,5001,"Cost of Goods Sold",2026,December 2025
2025-12-01,"Account Payment - Old Mutual Insure Premium",-1899.73,,6008,"Insurance",2026,December 2025
2025-12-01,"Cheque Card Purchase - C*Wynland Motors (28 Nov)",-500,,6011,"Motor Vehicle Expenses",2026,December 2025
2025-12-01,"Debit Transfer - Old Mutual Insure Premium",-1899.73,,6008,"Insurance",2026,December 2025
2025-12-01,"Fee - Debit Order",-4,,6004,"Bank Charges",2026,December 2025
2025-12-01,"Fee - Unpaid Item",-25,,6004,"Bank Charges",2026,December 2025
2025-12-01,"RTD - Not Provided For (Santam reversal)",858,,6008,"Insurance",2026,December 2025
2025-12-01,"Fee - Unpaid Item",-25,,6004,"Bank Charges",2026,December 2025
2025-12-01,"Fee - Unpaid Item",-25,,6004,"Bank Charges",2026,December 2025
2025-12-01,"Fee - Debit Order",-4,,6004,"Bank Charges",2026,December 2025
2025-12-01,"Insurance Premium - Old Mutual",-2399,,6008,"Insurance",2026,December 2025
2025-12-01,"Debit Transfer - PACRS Debit John",-849.68,,1702,"Director's Loan Account",2026,December 2025
2025-12-01,"RTD - Not Provided For (Old Mutual Insure Premium reversal)",1899.73,,6008,"Insurance",2026,December 2025
2025-12-01,"Fee - Debit Order",-4,,6004,"Bank Charges",2026,December 2025
2025-12-01,"Fee - Debit Order",-4,,6004,"Bank Charges",2026,December 2025
2025-12-01,"Cheque Card Purchase - HPY*Arfan Shop (27 Nov)",-42,,1702,"Director's Loan Account",2026,December 2025
2025-12-01,"Fee - Unpaid Item",-25,,6004,"Bank Charges",2026,December 2025
2025-12-01,"Fee - Debit Order",-4,,6004,"Bank Charges",2026,December 2025
2025-12-01,"RTD - Not Provided For (Old Mutual Insure Premium reversal)",1899.73,,6008,"Insurance",2026,December 2025
2025-12-01,"RTD - Not Provided For (Old Mutual reversal)",2399,,6008,"Insurance",2026,December 2025
2025-12-01,"Debit Transfer - Santam",-858,,6008,"Insurance",2026,December 2025
2025-12-01,"Fee - Unpaid Item",-25,,6004,"Bank Charges",2026,December 2025
2025-12-03,"Autobank Cash Withdrawal",-350,,1702,"Director's Loan Account",2026,December 2025
2025-12-03,"Credit Transfer - Hoekstra Fruit Farms",23604.62,,4001,"Sales / Revenue",2026,December 2025
2025-12-03,"Cash Withdrawal Fee",-10.2,,6004,"Bank Charges",2026,December 2025
2025-12-04,"Credit Transfer - Cashfocus Agrimark Operations",3801.34,,4001,"Sales / Revenue",2026,December 2025
2025-12-04,"Fee: PayShap Payment",-7,,6004,"Bank Charges",2026,December 2025
2025-12-04,"PayShap Payment To - Dick",-1500,,1702,"Director's Loan Account",2026,December 2025
2025-12-04,"Registered DC Debit - Ned/MFC",-13262.95,,2102,"MFC Vehicle Finance - Isuzu",2026,December 2025
2025-12-04,"JNL-10: MFC instalment 2025-12-04 - interest portion (loan amortization)",9501.58,,6030,"Finance Charges - Vehicle Loan",2026,JNL-10
2025-12-04,"Credit Transfer - Kampwater Invoice 2897",2098.75,,4001,"Sales / Revenue",2026,December 2025
2025-12-04,"Fee: PayShap Payment",-7,,6004,"Bank Charges",2026,December 2025
2025-12-04,"Fee: PayShap Payment",-7,,6004,"Bank Charges",2026,December 2025
2025-12-04,"PayShap Payment To - AJ Salary",-750,,6022,"Director's Remuneration",2026,December 2025
2025-12-04,"Fee: Payment Confirm - SMS (A H Johnson)",-1.2,,6004,"Bank Charges",2026,December 2025
2025-12-04,"Fee - Debit Order",-4,,6004,"Bank Charges",2026,December 2025
2025-12-04,"JNL-10: MFC instalment 2025-12-04 - interest portion (loan amortization)",-9501.58,,2102,"MFC Vehicle Finance - Isuzu",2026,JNL-10
2025-12-04,"PayShap Payment To - Agri",-750,,1702,"Director's Loan Account",2026,December 2025
2025-12-04,"Fee: Payment Confirm - SMS (Mikes Hydraulics)",-1.2,,6004,"Bank Charges",2026,December 2025
2025-12-05,"Fee: Payment Confirm - SMS (Wade Vaughan)",-1.2,,6004,"Bank Charges",2026,December 2025
2025-12-05,"Electricity Purchase",-500,,6020,"Utilities",2026,December 2025
2025-12-05,"Fee: Electricity Purchase",-1.8,,6020,"Utilities",2026,December 2025
2025-12-05,"Fee: PayShap Payment",-7,,6004,"Bank Charges",2026,December 2025
2025-12-05,"Cheque Card Purchase - SR Radiators (04 Dec)",-782,,5001,"Cost of Goods Sold",2026,December 2025
2025-12-05,"PayShap Payment To - Payment",-1000,,1702,"Director's Loan Account",2026,December 2025
2025-12-06,"Cheque Card Purchase - C*BP Paarl (04 Dec)",-400,,6023,"Fuel / Petrol",2026,December 2025
2025-12-06,"Cheque Card Purchase - Superspar Paarl (04 Dec)",-924.37,,1702,"Director's Loan Account",2026,December 2025
2025-12-06,"Cheque Card Purchase - Liquorshop (04 Dec)",-209.99,,1702,"Director's Loan Account",2026,December 2025
2025-12-06,"Cheque Card Purchase - CC Fresh Express (04 Dec)",-348.41,,1702,"Director's Loan Account",2026,December 2025
2025-12-08,"Credit Transfer - C-Pack Corrugated",17515.66,,4001,"Sales / Revenue",2026,December 2025
2025-12-09,"Cheque Card Purchase - C*Wynland Motors (06 Dec)",-500,,6011,"Motor Vehicle Expenses",2026,December 2025
2025-12-09,"Cheque Card Purchase - Ultra Liquor (05 Dec)",-237.97,,1702,"Director's Loan Account",2026,December 2025
2025-12-09,"Immediate Payment - LMI Academy",-6440,,1702,"Director's Loan Account",2026,December 2025
2025-12-09,"Cheque Card Purchase - One Up Wholesale (05 Dec)",-365,,1702,"Director's Loan Account",2026,December 2025
2025-12-09,"Cheque Card Purchase - Liquorshop (06 Dec)",-421.27,,1702,"Director's Loan Account",2026,December 2025
2025-12-09,"Fee: Payment Confirm - SMS (LMI Academy)",-1.2,,6004,"Bank Charges",2026,December 2025
2025-12-09,"Cheque Card Purchase - Masterparts Paarl (06 Dec)",-2310.44,,5001,"Cost of Goods Sold",2026,December 2025
2025-12-09,"Fee - Immediate Payment",-50,,6004,"Bank Charges",2026,December 2025
2025-12-09,"Cheque Card Purchase - SP Motor Engineers (05 Dec)",-1800,,1702,"Director's Loan Account",2026,December 2025
2025-12-09,"Cheque Card Purchase - Superspar Paarl (06 Dec)",-127.29,,1702,"Director's Loan Account",2026,December 2025
2025-12-10,"IB Payment To - Sunbrite Forklifts (Agri Hermon)",-320,,5001,"Cost of Goods Sold",2026,December 2025
2025-12-10,"Cheque Card Purchase - Superspar Paarl (08 Dec)",-15.99,,1702,"Director's Loan Account",2026,December 2025
2025-12-10,"Credit Transfer - Yagdan Manufacturing",1725,,4001,"Sales / Revenue",2026,December 2025
2025-12-10,"Fee - Electronic Account Payment",-5.8,,6004,"Bank Charges",2026,December 2025
2025-12-10,"Cheque Card Purchase - Sunbrite Forklifts (08 Dec)",-2182.7,,5001,"Cost of Goods Sold",2026,December 2025
2025-12-10,"Fee: Payment Confirm - SMS (Sunbrite Forklifts)",-1.2,,6004,"Bank Charges",2026,December 2025
2025-12-10,"Cheque Card Purchase - Tops Paarl (08 Dec)",-189.98,,1702,"Director's Loan Account",2026,December 2025
2025-12-10,"Credit Transfer - Hoekstra Fruit Farms",18619.66,,4001,"Sales / Revenue",2026,December 2025
2025-12-11,"Fee: Payment Confirm - SMS (A H Johnson)",-1.2,,6004,"Bank Charges",2026,December 2025
2025-12-11,"Fee: PayShap Payment",-7,,6004,"Bank Charges",2026,December 2025
2025-12-11,"Fee - Electronic Account Payment",-5.8,,6004,"Bank Charges",2026,December 2025
2025-12-11,"Fee - Electronic Account Payment",-5.8,,6004,"Bank Charges",2026,December 2025
2025-12-11,"Credit Transfer - Saturn (2896)",2708.25,,4001,"Sales / Revenue",2026,December 2025
2025-12-11,"IB Payment To - Bearing World",-914.28,,5001,"Cost of Goods Sold",2026,December 2025
2025-12-11,"PayShap Payment To - AJ Salary",-1000,,6022,"Director's Remuneration",2026,December 2025
2025-12-11,"Fee: Payment Confirm - SMS (Bearing World)",-1.2,,5001,"Cost of Goods Sold",2026,December 2025
2025-12-11,"IB Payment To - SA Home Loans (Trust Bond)",-7062.46,,1702,"Director's Loan Account",2026,December 2025
2025-12-12,"Cheque Card Purchase - SR Radiators (11 Dec)",-782,,5001,"Cost of Goods Sold",2026,December 2025
2025-12-12,"Cheque Card Purchase - C*Diesel Elec (10 Dec)",-110.69,,5001,"Cost of Goods Sold",2026,December 2025
2025-12-12,"Fee: Payment Confirm - SMS (Wade Vaughan)",-1.2,,6004,"Bank Charges",2026,December 2025
2025-12-12,"Cheque Card Purchase - Pakmark Halfmanshof (10 Dec)",-36.98,,1702,"Director's Loan Account",2026,December 2025
2025-12-12,"Fee: PayShap Payment",-7,,6004,"Bank Charges",2026,December 2025
2025-12-12,"Credit Transfer - Cashfocus 2901 Agrimark",4686.25,,4001,"Sales / Revenue",2026,December 2025
2025-12-12,"PayShap Payment To - Payment",-1250,,1702,"Director's Loan Account",2026,December 2025
2025-12-13,"Cheque Card Purchase - The Boer And (11 Dec)",-188.8,,1702,"Director's Loan Account",2026,December 2025
2025-12-15,"Cheque Card Purchase - Markham Paarl (12 Dec)",-500,,1702,"Director's Loan Account",2026,December 2025
2025-12-15,"Cheque Card Purchase - Ultra Liquor (11 Dec)",-421.97,,1702,"Director's Loan Account",2026,December 2025
2025-12-15,"Cheque Card Purchase - Afrox Stikland (12 Dec)",-445.97,,6023,"Fuel / Petrol",2026,December 2025
2025-12-15,"Cheque Card Purchase - Markham Paarl (12 Dec)",-1010,,1702,"Director's Loan Account",2026,December 2025
2025-12-15,"Fee: Payment Confirm - SMS (Haygan Johnson)",-1.2,,6004,"Bank Charges",2026,December 2025
2025-12-15,"PayShap Payment From - Mandy Johnson",900,,6022,"Director's Remuneration",2026,December 2025
2025-12-15,"IB Payment To - Haygan Johnson",-250,,6022,"Director's Remuneration",2026,December 2025
2025-12-15,"Fee - Electronic Account Payment",-5.8,,6004,"Bank Charges",2026,December 2025
2025-12-15,"Cheque Card Purchase - The Boer And (12 Dec)",-2078.9,,1702,"Director's Loan Account",2026,December 2025
2025-12-17,"Cheque Card Purchase - C*Cellars Paarl (14 Dec)",-50,,1702,"Director's Loan Account",2026,December 2025
2025-12-17,"Cheque Card Purchase - C*Die Visfabr (15 Dec)",-290.2,,1702,"Director's Loan Account",2026,December 2025
2025-12-17,"Cheque Card Purchase - Wynland Motors (12 Dec)",-300,,6011,"Motor Vehicle Expenses",2026,December 2025
2025-12-17,"Cheque Card Purchase - Cellars (14 Dec)",-60,,1702,"Director's Loan Account",2026,December 2025
2025-12-17,"Cheque Card Purchase - C*Cellars Paarl (14 Dec)",-25,,1702,"Director's Loan Account",2026,December 2025
2025-12-17,"Cheque Card Purchase - C*Cellars Paarl (14 Dec)",-35,,1702,"Director's Loan Account",2026,December 2025
2025-12-17,"Credit Transfer - Cashfocus 2902 Agrimark",4542.5,,4001,"Sales / Revenue",2026,December 2025
2025-12-18,"Credit Transfer - Cashfocus Agrimark",4186,,4001,"Sales / Revenue",2026,December 2025
2025-12-18,"IB Payment To - Mrs M Johnson (Mandy)",-10000,,6022,"Director's Remuneration",2026,December 2025
2025-12-18,"Cash Withdrawal Fee",-25.5,,6004,"Bank Charges",2026,December 2025
2025-12-18,"Fee: Payment Confirm - SMS (Haygan Johnson)",-1.2,,6004,"Bank Charges",2026,December 2025
2025-12-18,"Cheque Card Purchase - Superspar Paarl (15 Dec)",-98.53,,1702,"Director's Loan Account",2026,December 2025
2025-12-18,"Cheque Card Purchase - C*Wynland Motors (15 Dec)",-500,,6011,"Motor Vehicle Expenses",2026,December 2025
2025-12-18,"Cheque Card Purchase - Midas Paarl (15 Dec)",-516.01,,5001,"Cost of Goods Sold",2026,December 2025
2025-12-18,"Cheque Card Purchase - Polarama Paarl (13 Dec)",-258.93,,1702,"Director's Loan Account",2026,December 2025
2025-12-18,"Fee - Electronic Account Payment",-5.8,,6004,"Bank Charges",2026,December 2025
2025-12-18,"Fee: Payment Confirm - SMS (Mrs M Johnson)",-1.2,,6004,"Bank Charges",2026,December 2025
2025-12-18,"IB Payment To - Haygan Johnson",-250,,6022,"Director's Remuneration",2026,December 2025
2025-12-18,"Autobank Cash Withdrawal",-1000,,1702,"Director's Loan Account",2026,December 2025
2025-12-18,"Fee - Electronic Account Payment",-5.8,,6004,"Bank Charges",2026,December 2025
2025-12-18,"Cheque Card Purchase - Ultra Liquor (13 Dec)",-1039.95,,1702,"Director's Loan Account",2026,December 2025
2025-12-18,"Cheque Card Purchase - Superspar Paarl (16 Dec)",-97.99,,1702,"Director's Loan Account",2026,December 2025
2025-12-19,"Cheque Card Purchase - Swartland Vis (17 Dec)",-36.5,,1702,"Director's Loan Account",2026,December 2025
2025-12-19,"Cheque Card Purchase - Engen Smuts (17 Dec)",-500,,6023,"Fuel / Petrol",2026,December 2025
2025-12-19,"PayShap Payment To - Payment",-2250,,1702,"Director's Loan Account",2026,December 2025
2025-12-19,"PayShap Payment To - Koek",-400,,1702,"Director's Loan Account",2026,December 2025
2025-12-19,"Cheque Card Purchase - Engen Swartland (17 Dec)",-79.3,,6023,"Fuel / Petrol",2026,December 2025
2025-12-19,"Cheque Card Purchase - Sunbrite Forklifts (17 Dec)",-425.5,,5001,"Cost of Goods Sold",2026,December 2025
2025-12-19,"Fee: PayShap Payment",-50,,6004,"Bank Charges",2026,December 2025
2025-12-19,"Fee: PayShap Payment",-7,,6004,"Bank Charges",2026,December 2025
2025-12-19,"Fee: Payment Confirm - SMS (JM Erasmus)",-1.2,,6004,"Bank Charges",2026,December 2025
2025-12-19,"Fee: Payment Confirm - SMS (Wade Vaughan)",-1.2,,6004,"Bank Charges",2026,December 2025
2025-12-20,"Real Time Transfer From - E Martin",15000,,4001,"Sales / Revenue",2026,December 2025
2025-12-20,"Cheque Card Purchase - Midas Malmesbury (17 Dec)",-281,,5001,"Cost of Goods Sold",2026,December 2025
2025-12-20,"Cheque Card Purchase - The Village (17 Dec)",-234,,1702,"Director's Loan Account",2026,December 2025
2025-12-22,"Cheque Card Purchase - HPY*Arfan Shop (18 Dec)",-84,,1702,"Director's Loan Account",2026,December 2025
2025-12-23,"Cheque Card Purchase - Abels Liquors (20 Dec)",-574,,1702,"Director's Loan Account",2026,December 2025
2025-12-23,"Cheque Card Purchase - HPY*Arfan Shop (19 Dec)",-84,,1702,"Director's Loan Account",2026,December 2025
2025-12-23,"Cheque Card Purchase - C*KFC Tradeon (21 Dec)",-197.8,,1702,"Director's Loan Account",2026,December 2025
2025-12-23,"Cheque Card Purchase - Kaap Agri Paarl (20 Dec)",-969.98,,1702,"Director's Loan Account",2026,December 2025
2025-12-23,"Cheque Card Purchase - C*Seebries Casino (21 Dec)",-3458,,1702,"Director's Loan Account",2026,December 2025
2025-12-23,"Cheque Card Purchase - C*Wynland Motors (20 Dec)",-1371.87,,6011,"Motor Vehicle Expenses",2026,December 2025
2025-12-23,"Cheque Card Purchase - Build It Boland (20 Dec)",-54.99,,1702,"Director's Loan Account",2026,December 2025
2025-12-24,"Cheque Card Purchase - Modina Supreme (22 Dec)",-40,,1702,"Director's Loan Account",2026,December 2025
2025-12-24,"Credit Life Protection",-104.45,,6008,"Insurance",2026,December 2025
2025-12-24,"Overdraft Interest",-487.76,,6004,"Bank Charges",2026,December 2025
2025-12-27,"Fee: Payment Confirm - SMS (A H Johnson)",-1.2,,6004,"Bank Charges",2026,December 2025
2025-12-27,"PayShap Payment To - AJ Salary",-350,,6022,"Director's Remuneration",2026,December 2025
2025-12-27,"Cheque Card Purchase - Checkers Langebaan (23 Dec)",-269.49,,1702,"Director's Loan Account",2026,December 2025
2025-12-27,"PayShap Payment To - AJ Salary",-300,,6022,"Director's Remuneration",2026,December 2025
2025-12-27,"Fee: PayShap Payment",-7,,6004,"Bank Charges",2026,December 2025
2025-12-27,"Fee: Payment Confirm - SMS (A H Johnson)",-1.2,,6004,"Bank Charges",2026,December 2025
2025-12-27,"Fee: PayShap Payment",-7,,6004,"Bank Charges",2026,December 2025
2025-12-29,"Cheque Card Purchase - C*Dischem Langebaan (27 Dec)",-143.99,,1702,"Director's Loan Account",2026,December 2025
2025-12-29,"Cheque Card Purchase - HPY*Fish And (23 Dec)",-95,,1702,"Director's Loan Account",2026,December 2025
2025-12-29,"Other Bank ATM Cash Withdrawal - SBSA",-600,,1702,"Director's Loan Account",2026,December 2025
2025-12-29,"Cash Withdrawal Fee",-15.3,,6004,"Bank Charges",2026,December 2025
2025-12-30,"Cheque Card Purchase - Tops Langebaan (26 Dec)",-605.65,,1702,"Director's Loan Account",2026,December 2025
2025-12-30,"Cheque Card Purchase - Tops Langebaan (24 Dec)",-288.34,,1702,"Director's Loan Account",2026,December 2025
2025-12-30,"Value Loaded To Virtual Card",-10000,,1702,"Director's Loan Account",2026,December 2025
2025-12-30,"Cheque Card Purchase - PnP Fam Langebaan (27 Dec)",-55.97,,1702,"Director's Loan Account",2026,December 2025
2025-12-30,"Cheque Card Purchase - Tops Langebaan (26 Dec)",-77,,1702,"Director's Loan Account",2026,December 2025
2025-12-30,"Cheque Card Purchase - OK Minimark (28 Dec)",-159.19,,1702,"Director's Loan Account",2026,December 2025
2025-12-30,"Cheque Card Purchase - Mykonos Casino (26 Dec)",-34,,1702,"Director's Loan Account",2026,December 2025
2025-12-30,"Cheque Card Purchase - Mykonos Casino (24 Dec)",-157,,1702,"Director's Loan Account",2026,December 2025
2025-12-30,"Cheque Card Purchase - Yoco *Steen (27 Dec)",-140,,1702,"Director's Loan Account",2026,December 2025
2025-12-31,"Fee: Prepaid Mobile Purchase",-0.7,,6004,"Bank Charges",2026,December 2025
2025-12-31,"Insurance Premium - Santam",-858,,6008,"Insurance",2026,December 2025
2025-12-31,"Fee - Debit Order",-4,,6004,"Bank Charges",2026,December 2025
2025-12-31,"Cheque Card Purchase - Modina Supreme (28 Dec)",-125,,1702,"Director's Loan Account",2026,December 2025
2025-12-31,"Fee - Electronic Account Payment",-5.8,,6004,"Bank Charges",2026,December 2025
2025-12-31,"Telephone Account - Telkom Mobile",-1147.22,,6018,"Telephone",2026,December 2025
2025-12-31,"Fee: MyUpdates For Business",-44,,6004,"Bank Charges",2026,December 2025
2025-12-31,"Overdraft Service Fee",-99,,6004,"Bank Charges",2026,December 2025
2025-12-31,"Fee - Debit Order",-4,,6004,"Bank Charges",2026,December 2025
2025-12-31,"Cheque Card Purchase - OK Minimark (29 Dec)",-83.98,,1702,"Director's Loan Account",2026,December 2025
2025-12-31,"Fee: Unused Facility",-19.94,,6004,"Bank Charges",2026,December 2025
2025-12-31,"Insurance Premium - Santam",-858,,6008,"Insurance",2026,December 2025
2025-12-31,"Fee: Payment Confirm - SMS (Haygan Johnson)",-1.2,,6004,"Bank Charges",2026,December 2025
2025-12-31,"Monthly Management Fee",-9,,6004,"Bank Charges",2026,December 2025
2025-12-31,"Fee - Debit Order",-4,,6004,"Bank Charges",2026,December 2025
2025-12-31,"IB Payment To - Haygan Johnson",-200,,6022,"Director's Remuneration",2026,December 2025
2025-12-31,"Prepaid Mobile Purchase",-29,,1702,"Director's Loan Account",2026,December 2025
2026-01-02,"Fee - Debit Order",-4,,6004,"Bank Charges",2026,January 2026
2026-01-02,"Autobank Cash Withdrawal",-500,,1702,"Director's Loan Account",2026,January 2026
2026-01-02,"Cash Withdrawal Fee",-14,,6004,"Bank Charges",2026,January 2026
2026-01-02,"Fee - Debit Order",-4,,6004,"Bank Charges",2026,January 2026
2026-01-02,"Fee - Debit Order",-4,,6004,"Bank Charges",2026,January 2026
2026-01-02,"RTD - Not Provided For (Old Mutual reversal)",2399,,6008,"Insurance",2026,January 2026
2026-01-02,"Fee - Unpaid Item",-25,,6004,"Bank Charges",2026,January 2026
2026-01-02,"Fee - Unpaid Item",-25,,6004,"Bank Charges",2026,January 2026
2026-01-02,"Insurance Premium - Old Mutual",-2399,,6008,"Insurance",2026,January 2026
2026-01-02,"RTD - Not Provided For (Old Mutual reversal)",2399,,6008,"Insurance",2026,January 2026
2026-01-02,"Debit Transfer - PACRS Debit John",-499.68,,1702,"Director's Loan Account",2026,January 2026
2026-01-02,"Insurance Premium - Old Mutual",-2399,,6008,"Insurance",2026,January 2026
2026-01-03,"IB Payment To - Haygan Johnson",-500,,6022,"Director's Remuneration",2026,January 2026
2026-01-03,"Cheque Card Purchase - Boesmanland (31 Dec)",-75.85,,1702,"Director's Loan Account",2026,January 2026
2026-01-03,"Cheque Card Purchase - OK Minimark (31 Dec)",-143.94,,1702,"Director's Loan Account",2026,January 2026
2026-01-03,"Cheque Card Purchase - Tops Langebaan (30 Dec)",-786.82,,1702,"Director's Loan Account",2026,January 2026
2026-01-03,"Fee: Payment Confirm - SMS (Haygan Johnson)",-1.2,,6004,"Bank Charges",2026,January 2026
2026-01-03,"Fee - Electronic Account Payment",-6.1,,6004,"Bank Charges",2026,January 2026
2026-01-03,"Cheque Card Purchase - Yoco *Lance (31 Dec)",-95,,1702,"Director's Loan Account",2026,January 2026
2026-01-05,"Bank Charges - #International",-4.16,,1702,"Director's Loan Account",2026,January 2026
2026-01-05,"IB Payment To - Haygan Johnson",-220,,6022,"Director's Remuneration",2026,January 2026
2026-01-05,"Fee: Payment Confirm - SMS (Haygan Johnson)",-1.2,,6004,"Bank Charges",2026,January 2026
2026-01-05,"Cheque Card Purchase - Liquor One Stop (02 Jan)",-141,,1702,"Director's Loan Account",2026,January 2026
2026-01-05,"Cheque Card Purchase - On The Line (02 Jan)",-151.29,,1702,"Director's Loan Account",2026,January 2026
2026-01-05,"Cheque Card Purchase - Engen Hopefield (02 Jan)",-500,,6023,"Fuel / Petrol",2026,January 2026
2026-01-05,"Fee - Electronic Account Payment",-6.1,,6004,"Bank Charges",2026,January 2026
2026-01-06,"Cheque Card Purchase - OK Minimark (30 Dec)",-62.17,,1702,"Director's Loan Account",2026,January 2026
2026-01-06,"Cheque Card Purchase - Paarl Ice Cream (04 Jan)",-92,,1702,"Director's Loan Account",2026,January 2026
2026-01-06,"Electricity Purchase",-100,,6020,"Utilities",2026,January 2026
2026-01-06,"Value Unload From Virtual Card",1000,,1702,"Director's Loan Account",2026,January 2026
2026-01-06,"Cheque Card Purchase - S2S*PKSupermarket (30 Dec)",-47,,1702,"Director's Loan Account",2026,January 2026
2026-01-06,"Other Bank ATM Cash Withdrawal - SBSA",-450,,1702,"Director's Loan Account",2026,January 2026
2026-01-06,"Cash Withdrawal Fee",-14,,6004,"Bank Charges",2026,January 2026
2026-01-06,"Fee: Electricity Purchase",-1.6,,6020,"Utilities",2026,January 2026
2026-01-06,"Cheque Card Purchase - Liquorshop (03 Jan)",-301.28,,1702,"Director's Loan Account",2026,January 2026
2026-01-07,"Value Unload From Virtual Card",1000,,1702,"Director's Loan Account",2026,January 2026
2026-01-07,"Cheque Card Purchase - Wynland Motors (04 Jan)",-200,,6011,"Motor Vehicle Expenses",2026,January 2026
2026-01-07,"Cheque Card Purchase - HPY*Arfan Shop (03 Jan)",-147,,1702,"Director's Loan Account",2026,January 2026
2026-01-07,"Cheque Card Purchase - Drakenstein Municipal (05 Jan)",-60,,6020,"Utilities",2026,January 2026
2026-01-07,"Cheque Card Purchase - AS Family Store (04 Jan)",-89.9,,1702,"Director's Loan Account",2026,January 2026
2026-01-08,"Fee: Electricity Purchase",-1.6,,6020,"Utilities",2026,January 2026
2026-01-08,"Bolsa Third Party Payment - Pioneer Foods",10030.88,,4001,"Sales / Revenue",2026,January 2026
2026-01-08,"Electricity Purchase",-100,,6020,"Utilities",2026,January 2026
2026-01-08,"Cheque Card Purchase - C*Midas Paarl (06 Jan)",-86,,5001,"Cost of Goods Sold",2026,January 2026
2026-01-09,"Cheque Card Purchase - HPY*Arfan Shop (06 Jan)",-84,,1702,"Director's Loan Account",2026,January 2026
2026-01-09,"Cash Withdrawal Fee",-25.2,,6004,"Bank Charges",2026,January 2026
2026-01-09,"Fee: PayShap Payment",-7,,6004,"Bank Charges",2026,January 2026
2026-01-09,"Cheque Card Purchase - C*BP Paarl (07 Jan)",-500,,6023,"Fuel / Petrol",2026,January 2026
2026-01-09,"PayShap Payment To - Payment",-1250,,1702,"Director's Loan Account",2026,January 2026
2026-01-09,"Autobank Cash Withdrawal",-900,,1702,"Director's Loan Account",2026,January 2026
2026-01-09,"Fee: Payment Confirm - SMS (Wade Vaughan)",-1.2,,6004,"Bank Charges",2026,January 2026
2026-01-09,"Cheque Card Purchase - AHK Motor Spares (06 Jan)",-285,,5001,"Cost of Goods Sold",2026,January 2026
2026-01-10,"Fee: Electricity Purchase",-1.6,,6020,"Utilities",2026,January 2026
2026-01-10,"Cheque Card Purchase - Build It Boland (08 Jan)",-81.49,,1702,"Director's Loan Account",2026,January 2026
2026-01-10,"PayShap Payment To - Mandy0",-2000,,6022,"Director's Remuneration",2026,January 2026
2026-01-10,"Electricity Purchase",-100,,6020,"Utilities",2026,January 2026
2026-01-10,"Fee: Payment Confirm - SMS (Mrs M Johnson)",-1.2,,6004,"Bank Charges",2026,January 2026
2026-01-10,"Registered DC Debit - Ned/MFC",-13262.95,,1702,"Director's Loan Account",2026,January 2026
2026-01-10,"Fee: PayShap Payment",-45,,6004,"Bank Charges",2026,January 2026
2026-01-10,"Unpaid Fee DebiCheck D/O",-25,,6004,"Bank Charges",2026,January 2026
2026-01-10,"RTD - Not Provided For (Ned/MFC reversal)",13262.95,,1702,"Director's Loan Account",2026,January 2026
2026-01-10,"Fee - Debit Order",-4,,6004,"Bank Charges",2026,January 2026
2026-01-12,"Fee: Payment Confirm - Email (Midas Part Center)",-0.8,,5001,"Cost of Goods Sold",2026,January 2026
2026-01-12,"Cheque Card Purchase - AS Family Store (08 Jan)",-419.84,,1702,"Director's Loan Account",2026,January 2026
2026-01-12,"PayShap Payment To - Payment",-125,,1702,"Director's Loan Account",2026,January 2026
2026-01-12,"Fee - Immediate Payment",-45,,6004,"Bank Charges",2026,January 2026
2026-01-12,"Cheque Card Purchase - Ultra Liquor (08 Jan)",-601.95,,1702,"Director's Loan Account",2026,January 2026
2026-01-12,"Fee: Payment Confirm - SMS (Wade Vaughan)",-1.2,,6004,"Bank Charges",2026,January 2026
2026-01-12,"Cash Withdrawal Fee",-11.2,,6004,"Bank Charges",2026,January 2026
2026-01-12,"Other Bank ATM Cash Withdrawal - SBSA",-350,,1702,"Director's Loan Account",2026,January 2026
2026-01-12,"Fee: PayShap Payment",-7,,6004,"Bank Charges",2026,January 2026
2026-01-12,"Value Unload From Virtual Card",7500,,1702,"Director's Loan Account",2026,January 2026
2026-01-12,"Immediate Payment - Midas Part Center",-3203.5,,5001,"Cost of Goods Sold",2026,January 2026
2026-01-13,"Fee - Electronic Account Payment",-6.1,,6004,"Bank Charges",2026,January 2026
2026-01-13,"Cheque Card Purchase - Expressmark (09 Jan)",-500,,1702,"Director's Loan Account",2026,January 2026
2026-01-13,"IB Payment To - SA Home Loans (Trust Bond)",-7029,,1702,"Director's Loan Account",2026,January 2026
2026-01-13,"Cheque Card Purchase - C*Die Visfabr (12 Jan)",-187.5,,1702,"Director's Loan Account",2026,January 2026
2026-01-13,"Autobank Payment From - E P Martin",4000,,4001,"Sales / Revenue",2026,January 2026
2026-01-13,"Interbank Credit Transfer - C-Pack Corrugated",23465.75,,4001,"Sales / Revenue",2026,January 2026
2026-01-14,"Cheque Card Purchase - Ultra Liquor (10 Jan)",-717.9,,1702,"Director's Loan Account",2026,January 2026
2026-01-14,"Cheque Card Purchase - HPY*Arfan Shop (10 Jan)",-120,,1702,"Director's Loan Account",2026,January 2026
2026-01-14,"Reversal Of Overdraft Service Fee",9,,1702,"Director's Loan Account",2026,January 2026
2026-01-15,"Fee: Payment Confirm - Email (A Johnson)",-0.8,,6004,"Bank Charges",2026,January 2026
2026-01-15,"Fee: Payment Confirm - SMS (Sunbrite Forklifts)",-1.2,,6004,"Bank Charges",2026,January 2026
2026-01-15,"Fee - Electronic Account Payment",-6.1,,6004,"Bank Charges",2026,January 2026
2026-01-15,"PayShap Payment To - Fork",-2500,,1702,"Director's Loan Account",2026,January 2026
2026-01-15,"IB Payment To - Sunbrite Forklifts (Agri Hermon)",-4482.7,,5001,"Cost of Goods Sold",2026,January 2026
2026-01-15,"Fee: PayShap Payment",-45,,6004,"Bank Charges",2026,January 2026
2026-01-15,"Cheque Card Purchase - WGG Computers (13 Jan)",-160,,1702,"Director's Loan Account",2026,January 2026
2026-01-15,"Fee - Electronic Account Payment",-6.1,,6004,"Bank Charges",2026,January 2026
2026-01-15,"IB Payment To - A Johnson (Personal Loan)",-4500,,1702,"Director's Loan Account",2026,January 2026
2026-01-15,"Fee: Payment Confirm - SMS (The Forklift Doctor)",-1.2,,6004,"Bank Charges",2026,January 2026
2026-01-15,"Cheque Card Purchase - Clicks Rembrandt (13 Jan)",-159,,1702,"Director's Loan Account",2026,January 2026
2026-01-16,"Interbank Credit Transfer - C-Pack Corrugated",17371.04,,4001,"Sales / Revenue",2026,January 2026
2026-01-16,"Value Loaded To Virtual Card",-10000,,1702,"Director's Loan Account",2026,January 2026
2026-01-16,"Cheque Card Purchase - Drakenstein Municipal (14 Jan)",-60,,6020,"Utilities",2026,January 2026
2026-01-16,"PayShap Payment To - Payment",-1250,,1702,"Director's Loan Account",2026,January 2026
2026-01-16,"Other Bank ATM Cash Withdrawal - SBSA",-1000,,1702,"Director's Loan Account",2026,January 2026
2026-01-16,"Fee: Payment Confirm - SMS (Wade Vaughan)",-1.2,,6004,"Bank Charges",2026,January 2026
2026-01-16,"Cheque Card Purchase - RP Autotech (09 Jan)",-500,,1702,"Director's Loan Account",2026,January 2026
2026-01-16,"Fee: PayShap Payment",-7,,6004,"Bank Charges",2026,January 2026
2026-01-16,"Cheque Card Purchase - C*BP Paarl (14 Jan)",-500,,6023,"Fuel / Petrol",2026,January 2026
2026-01-16,"Cash Withdrawal Fee",-28,,6004,"Bank Charges",2026,January 2026
2026-01-16,"Cheque Card Purchase - C*Wynland Motors (14 Jan)",-800,,6011,"Motor Vehicle Expenses",2026,January 2026
2026-01-16,"Cheque Card Purchase - Ultra Liquor (13 Jan)",-364.97,,1702,"Director's Loan Account",2026,January 2026
2026-01-17,"Cheque Card Purchase - Engen Drakenstein (15 Jan)",-100,,6023,"Fuel / Petrol",2026,January 2026
2026-01-19,"Cheque Card Purchase - HPY*Arfan Shop (15 Jan)",-42,,1702,"Director's Loan Account",2026,January 2026
2026-01-19,"Other Bank ATM Cash Withdrawal - SBSA",-600,,1702,"Director's Loan Account",2026,January 2026
2026-01-19,"Electronic Banking Payment From - Light Fibre",776.25,,4001,"Sales / Revenue",2026,January 2026
2026-01-19,"Cash Withdrawal Fee",-5.6,,6004,"Bank Charges",2026,January 2026
2026-01-19,"Cheque Card Purchase - Masterparts Paarl (16 Jan)",-1150.49,,5001,"Cost of Goods Sold",2026,January 2026
2026-01-19,"Cash Withdrawal Fee",-16.8,,6004,"Bank Charges",2026,January 2026
2026-01-19,"Other Bank ATM Cash Withdrawal - SBSA",-150,,1702,"Director's Loan Account",2026,January 2026
2026-01-19,"Cash Withdrawal Fee",-5.6,,6004,"Bank Charges",2026,January 2026
2026-01-19,"Other Bank ATM Cash Withdrawal - SBSA",-200,,1702,"Director's Loan Account",2026,January 2026
2026-01-19,"Cash Withdrawal Fee",-16.8,,6004,"Bank Charges",2026,January 2026
2026-01-19,"Cheque Card Purchase - Ultra Liquors (15 Jan)",-199.99,,1702,"Director's Loan Account",2026,January 2026
2026-01-19,"Cheque Card Purchase - Superspar Paarl (16 Jan)",-758.88,,1702,"Director's Loan Account",2026,January 2026
2026-01-19,"Other Bank ATM Cash Withdrawal - SBSA",-600,,1702,"Director's Loan Account",2026,January 2026
2026-01-20,"Cheque Card Purchase - C*Cellars Paarl (18 Jan)",-50,,1702,"Director's Loan Account",2026,January 2026
2026-01-20,"Cheque Card Purchase - C*Die Visfabr (19 Jan)",-60,,1702,"Director's Loan Account",2026,January 2026
2026-01-20,"Cheque Card Purchase - C*Cellars Paarl (18 Jan)",-50,,1702,"Director's Loan Account",2026,January 2026
2026-01-20,"Cheque Card Purchase - Ultra Liquor (16 Jan)",-379.97,,1702,"Director's Loan Account",2026,January 2026
2026-01-20,"Cheque Card Purchase - Superspar Paarl (18 Jan)",-77.97,,1702,"Director's Loan Account",2026,January 2026
2026-01-20,"Cheque Card Purchase - C*Cellars Paarl (18 Jan)",-50,,1702,"Director's Loan Account",2026,January 2026
2026-01-20,"Cheque Card Purchase - Tops Paarl (17 Jan)",-191.33,,1702,"Director's Loan Account",2026,January 2026
2026-01-20,"Cheque Card Purchase - Pet and Pool (17 Jan)",-159.95,,1702,"Director's Loan Account",2026,January 2026
2026-01-20,"Cheque Card Purchase - OK Mini Mark (17 Jan)",-104.78,,1702,"Director's Loan Account",2026,January 2026
2026-01-21,"Credit Transfer - Hoekstra Fruit Farms",7022.49,,4001,"Sales / Revenue",2026,January 2026
2026-01-21,"Account Payment - Ned/MFC Agreed",-13238.72,,2102,"MFC Vehicle Finance - Isuzu",2026,January 2026
2026-01-21,"JNL-11: MFC instalment 2026-01-21 - interest portion (loan amortization)",-9447.98,,2102,"MFC Vehicle Finance - Isuzu",2026,JNL-11
2026-01-21,"Fee: PayShap Payment",-7,,6004,"Bank Charges",2026,January 2026
2026-01-21,"Cheque Card Purchase - Shooters (18 Jan)",-38,,1702,"Director's Loan Account",2026,January 2026
2026-01-21,"Fee: Payment Confirm - SMS (Wade Vaughan)",-1.2,,6004,"Bank Charges",2026,January 2026
2026-01-21,"Credit Transfer - Cashfocus 3003 Agrimark",4548.25,,4001,"Sales / Revenue",2026,January 2026
2026-01-21,"Cheque Card Purchase - Shooters (18 Jan)",-38,,1702,"Director's Loan Account",2026,January 2026
2026-01-21,"Fee - Electronic Account Payment",-6.1,,6004,"Bank Charges",2026,January 2026
2026-01-21,"JNL-11: MFC instalment 2026-01-21 - interest portion (loan amortization)",9447.98,,6030,"Finance Charges - Vehicle Loan",2026,JNL-11
2026-01-21,"IB Payment To - Preda Lifting (Load Testing)",-3362.6,,1702,"Director's Loan Account",2026,January 2026
2026-01-21,"Fee: Payment Confirm - SMS (Preda Lifting)",-1.2,,6004,"Bank Charges",2026,January 2026
2026-01-21,"Cheque Card Purchase - C*BP Northern (19 Jan)",-400,,1702,"Director's Loan Account",2026,January 2026
2026-01-21,"Cheque Card Purchase - Polarama Paarl (17 Jan)",-390.95,,1702,"Director's Loan Account",2026,January 2026
2026-01-21,"Value Unload From Virtual Card",10000,,1702,"Director's Loan Account",2026,January 2026
2026-01-21,"Cheque Card Purchase - Yoco *Winel (19 Jan)",-470,,1702,"Director's Loan Account",2026,January 2026
2026-01-21,"Fee - Debit Order",-4,,6004,"Bank Charges",2026,January 2026
2026-01-21,"PayShap Payment To - Payment",-150,,1702,"Director's Loan Account",2026,January 2026
2026-01-21,"Cheque Card Purchase - BP Paarl Back (17 Jan)",-800,,6023,"Fuel / Petrol",2026,January 2026
2026-01-22,"Cheque Card Purchase - IK *Hydraberg (19 Jan)",-22.77,,5001,"Cost of Goods Sold",2026,January 2026
2026-01-22,"Cash Withdrawal Fee",-8.4,,6004,"Bank Charges",2026,January 2026
2026-01-22,"Autobank Cash Withdrawal",-300,,1702,"Director's Loan Account",2026,January 2026
2026-01-23,"Cheque Card Purchase - Economic Outfitters (20 Jan)",-268,,1702,"Director's Loan Account",2026,January 2026
2026-01-23,"Fee: Payment Confirm - SMS (Wade Vaughan)",-1.2,,6004,"Bank Charges",2026,January 2026
2026-01-23,"Fee: PayShap Payment",-7,,6004,"Bank Charges",2026,January 2026
2026-01-23,"PayShap Payment To - Payment",-1250,,1702,"Director's Loan Account",2026,January 2026
2026-01-23,"Cheque Card Purchase - Tops Paarl (21 Jan)",-221.34,,1702,"Director's Loan Account",2026,January 2026
2026-01-23,"Cheque Card Purchase - Abels Liquors (21 Jan)",-250,,1702,"Director's Loan Account",2026,January 2026
2026-01-23,"Cheque Card Purchase - IK *Hydraberg (20 Jan)",-196.79,,5001,"Cost of Goods Sold",2026,January 2026
2026-01-24,"Cheque Card Purchase - Engen Drakenstein (22 Jan)",-100,,6023,"Fuel / Petrol",2026,January 2026
2026-01-24,"Credit Life Protection",-126.22,,6008,"Insurance",2026,January 2026
2026-01-24,"Cheque Card Purchase - C*Parking Marina (23 Jan)",-5,,1702,"Director's Loan Account",2026,January 2026
2026-01-24,"Cheque Card Purchase - AS Family Store (21 Jan)",-155.3,,1702,"Director's Loan Account",2026,January 2026
2026-01-24,"Cheque Card Purchase - C*Wynland Motors (22 Jan)",-500,,6011,"Motor Vehicle Expenses",2026,January 2026
2026-01-24,"Cheque Card Purchase - Slagerij Van (22 Jan)",-347.4,,1702,"Director's Loan Account",2026,January 2026
2026-01-24,"Overdraft Interest",-593.47,,6004,"Bank Charges",2026,January 2026
2026-01-26,"Magtape Credit - Three Streams Smokehouse",15410,,4001,"Sales / Revenue",2026,January 2026
2026-01-26,"Cheque Card Purchase - Ultra Liquor (22 Jan)",-261.96,,1702,"Director's Loan Account",2026,January 2026
2026-01-26,"Cheque Card Purchase - Everest (23 Jan)",-10522.04,,1702,"Director's Loan Account",2026,January 2026
2026-01-26,"Value Unload From Virtual Card",500,,1702,"Director's Loan Account",2026,January 2026
2026-01-26,"Cheque Card Purchase - Engen Wemmershoek (23 Jan)",-500,,6023,"Fuel / Petrol",2026,January 2026
2026-01-27,"Autobank Payment From - E P Martin",4200,,4001,"Sales / Revenue",2026,January 2026
2026-01-28,"PayShap Payment From - Mandy Johnson",9000,,6022,"Director's Remuneration",2026,January 2026
2026-01-28,"Fee - Electronic Account Payment",-6.1,,6004,"Bank Charges",2026,January 2026
2026-01-28,"Cheque Card Purchase - Masterparts Paarl (26 Jan)",-1346.82,,5001,"Cost of Goods Sold",2026,January 2026
2026-01-28,"Credit Transfer - Hoekstra Fruit Farms",5440.08,,4001,"Sales / Revenue",2026,January 2026
2026-01-28,"IB Payment To - Nedbank Credit Card",-9000,,5001,"Cost of Goods Sold",2026,January 2026
2026-01-28,"Fee: Payment Confirm - Email (Nedbank Credit Card Division)",-0.8,,6004,"Bank Charges",2026,January 2026
2026-01-29,"Cheque Card Purchase - The Boer And (27 Jan)",-466.86,,1702,"Director's Loan Account",2026,January 2026
2026-01-29,"Fee: PayShap Payment",-7,,6004,"Bank Charges",2026,January 2026
2026-01-29,"Fee - Electronic Account Payment",-6.1,,6004,"Bank Charges",2026,January 2026
2026-01-29,"Fee: Payment Confirm - Email (Diesel Injection Tech)",-0.8,,5001,"Cost of Goods Sold",2026,January 2026
2026-01-29,"PayShap Payment To - Payment",-150,,1702,"Director's Loan Account",2026,January 2026
2026-01-29,"Fee: Payment Confirm - SMS (Wade Vaughan)",-1.2,,6004,"Bank Charges",2026,January 2026
2026-01-29,"Cheque Card Purchase - TVH Parts Cape (27 Jan)",-10559.57,,5001,"Cost of Goods Sold",2026,January 2026
2026-01-29,"IB Payment To - Diesel Injection Tech (Satchwell)",-1420.25,,5001,"Cost of Goods Sold",2026,January 2026
2026-01-30,"Credit Transfer - Ashu",7500,,4001,"Sales / Revenue",2026,January 2026
2026-01-30,"Fee: PayShap Payment",-7,,6004,"Bank Charges",2026,January 2026
2026-01-30,"Credit Transfer - Yagdan Manufacturing",6383.02,,4001,"Sales / Revenue",2026,January 2026
2026-01-30,"Fee: PayShap Payment",-7,,6004,"Bank Charges",2026,January 2026
2026-01-30,"Fee: Payment Confirm - SMS (Wade Vaughan)",-1.2,,6004,"Bank Charges",2026,January 2026
2026-01-30,"PayShap Payment To - Payment",-1250,,1702,"Director's Loan Account",2026,January 2026
2026-01-30,"Cheque Card Purchase - C*BP Paarl (28 Jan)",-500,,6023,"Fuel / Petrol",2026,January 2026
2026-01-30,"PayShap Payment To - Sekkie",-750,,1702,"Director's Loan Account",2026,January 2026
2026-01-31,"Fee: MyUpdates For Business",-48.6,,6004,"Bank Charges",2026,January 2026
2026-01-31,"JNL-12: MFC instalment 2026-01-31 - interest portion (loan amortization)",-9393.97,,2102,"MFC Vehicle Finance - Isuzu",2026,JNL-12
2026-01-31,"Fee - Debit Order",-4,,6004,"Bank Charges",2026,January 2026
2026-01-31,"Fee - Debit Order",-4,,6004,"Bank Charges",2026,January 2026
2026-01-31,"Fee - Debit Order",-4,,6004,"Bank Charges",2026,January 2026
2026-01-31,"Registered DC Debit - Ned/MFC",-13262.95,,2102,"MFC Vehicle Finance - Isuzu",2026,January 2026
2026-01-31,"Cheque Card Purchase - Masterparts Paarl (29 Jan)",-2166.34,,5001,"Cost of Goods Sold",2026,January 2026
2026-01-31,"Monthly Management Fee",-15,,6004,"Bank Charges",2026,January 2026
2026-01-31,"JNL-12: MFC instalment 2026-01-31 - interest portion (loan amortization)",9393.97,,6030,"Finance Charges - Vehicle Loan",2026,JNL-12
2026-01-31,"Cheque Card Purchase - Tops Paarl (29 Jan)",-612.33,,1702,"Director's Loan Account",2026,January 2026
2026-01-31,"Fee: Unused Facility",-12.64,,6004,"Bank Charges",2026,January 2026
2026-01-31,"Overdraft Service Fee",-99,,6004,"Bank Charges",2026,January 2026
2026-01-31,"Telephone Account - Telkom Mobile",-671.43,,6018,"Telephone",2026,January 2026
2026-01-31,"Insurance Premium - Santam",-858,,6008,"Insurance",2026,January 2026
2026-02-02,"Cheque Card Purchase - BMG Paarl",-50.95,,5001,"Cost of Goods Sold",2026,February 2026
2026-02-02,"Debit Transfer - PACRSDEBITJOH008",-499.68,,1702,"Director's Loan Account",2026,February 2026
2026-02-02,"Cheque Card Purchase - Shell Gelderb",-500,,6011,"Motor Vehicle Expenses",2026,February 2026
2026-02-02,"Fee - Debit Order",-4,,6004,"Bank Charges",2026,February 2026
2026-02-02,"Cheque Card Purchase - OK Urban Well",-16.99,,1702,"Director's Loan Account",2026,February 2026
2026-02-02,"Cheque Card Purchase - C*Diesel Elec",-228.21,,5001,"Cost of Goods Sold",2026,February 2026
2026-02-03,"Cheque Card Purchase - Checkers Some",-383.91,,1702,"Director's Loan Account",2026,February 2026
2026-02-03,"Cheque Card Purchase - Cash Crusader",-69.9,,1702,"Director's Loan Account",2026,February 2026
2026-02-03,"Cheque Card Purchase - Clutch Brake",-200,,5001,"Cost of Goods Sold",2026,February 2026
2026-02-03,"Cheque Card Purchase - Checkers Some",-80,,1702,"Director's Loan Account",2026,February 2026
2026-02-03,"Cheque Card Purchase - Tops Paarl EA",-222.35,,1702,"Director's Loan Account",2026,February 2026
2026-02-03,"Cheque Card Purchase - HPY*Arfan Sho",-142,,1702,"Director's Loan Account",2026,February 2026
2026-02-03,"Cheque Card Purchase - Spar Express",-45,,1702,"Director's Loan Account",2026,February 2026
2026-02-04,"Bank Charges - International",-4.16,,6004,"Bank Charges",2026,February 2026
2026-02-04,"Cheque Card Purchase - C*Midas Beauf",-181.6,,5001,"Cost of Goods Sold",2026,February 2026
2026-02-04,"Cheque Card Purchase - Shell Gelderb",-400,,6011,"Motor Vehicle Expenses",2026,February 2026
2026-02-04,"Credit Transfer - Three Streams Smokeh",3341.33,,4001,"Sales / Revenue",2026,February 2026
2026-02-04,"Cheque Card Purchase - On The Line S",-151.27,,1702,"Director's Loan Account",2026,February 2026
2026-02-04,"Cheque Card Purchase - Build It Bola",-99.99,,1702,"Director's Loan Account",2026,February 2026
2026-02-04,"Cheque Card Purchase - HPY*Reel Fish",-80,,1702,"Director's Loan Account",2026,February 2026
2026-02-04,"Cheque Card Purchase - Engen 1Stop W",-50.5,,6011,"Motor Vehicle Expenses",2026,February 2026
2026-02-05,"Cheque Card Purchase - Spar Victoria",-74.39,,1702,"Director's Loan Account",2026,February 2026
2026-02-05,"Cheque Card Purchase - Laingsburg Su",-81,,1702,"Director's Loan Account",2026,February 2026
2026-02-05,"Cheque Card Purchase - Drakenstein M",-1668.6,,6020,"Utilities",2026,February 2026
2026-02-05,"Cheque Card Purchase - Huguenot Tap",-53,,6025,"Toll Gate Fees",2026,February 2026
2026-02-06,"Cheque Card Purchase - Hickman's",-110,,1702,"Director's Loan Account",2026,February 2026
2026-02-06,"Cheque Card Purchase - Porto Moura",-156,,1702,"Director's Loan Account",2026,February 2026
2026-02-06,"Fee: Payment Confirm - SMS - Wade Vaughan",-1.2,,6022,"Director's Remuneration",2026,February 2026
2026-02-06,"Fee: PayShap Payment",-7,,6004,"Bank Charges",2026,February 2026
2026-02-06,"PayShap Payment To Payment",-1550,,1702,"Director's Loan Account",2026,February 2026
2026-02-06,"Cheque Card Purchase - Karoo Meats",-169,,1702,"Director's Loan Account",2026,February 2026
2026-02-06,"Cheque Card Purchase - Yoco *Dr AC",-65,,1702,"Director's Loan Account",2026,February 2026
2026-02-07,"Cheque Card Purchase - Shell City TH",-500.1,,6011,"Motor Vehicle Expenses",2026,February 2026
2026-02-09,"Cheque Card Purchase - Superspar Paa",-23.73,,1702,"Director's Loan Account",2026,February 2026
2026-02-09,"Magtape Credit - Karoo Vleisboere",21778.61,,4001,"Sales / Revenue",2026,February 2026
2026-02-09,"Cheque Card Purchase - Hoofweg Motor",-500,,1702,"Director's Loan Account",2026,February 2026
2026-02-09,"Cheque Card Purchase - Masterparts P",-74.08,,5001,"Cost of Goods Sold",2026,February 2026
2026-02-09,"Cheque Card Purchase - Pharmacy At S",-70,,1702,"Director's Loan Account",2026,February 2026
2026-02-10,"Fee: Payment Confirm - SMS - LMI Academy",-1.2,,6004,"Bank Charges",2026,February 2026
2026-02-10,"Cheque Card Purchase - Tops Paarl EA",-219.99,,1702,"Director's Loan Account",2026,February 2026
2026-02-10,"Fee Immediate Payment",-45,,6004,"Bank Charges",2026,February 2026
2026-02-10,"PayShap Payment To Load Test",-1600,,1702,"Director's Loan Account",2026,February 2026
2026-02-10,"Fee: PayShap Payment",-7,,6004,"Bank Charges",2026,February 2026
2026-02-10,"Cheque Card Purchase - Drakenstein M",-60,,6020,"Utilities",2026,February 2026
2026-02-10,"Immediate Payment - Midas Part Center",-4474.1,,5001,"Cost of Goods Sold",2026,February 2026
2026-02-11,"Other Bank ATM Cash Withd. At SBSA",-1000,,1702,"Director's Loan Account",2026,February 2026
2026-02-11,"Other Bank ATM Cash Withd. At SBSA",-600,,1702,"Director's Loan Account",2026,February 2026
2026-02-11,"Credit Transfer - KVB Abattoir",7769.93,,4001,"Sales / Revenue",2026,February 2026
2026-02-11,"Other Bank ATM Cash Withd. At SBSA",-450,,1702,"Director's Loan Account",2026,February 2026
2026-02-11,"Cash Withdrawal Fee",-28,,6004,"Bank Charges",2026,February 2026
2026-02-11,"Cash Withdrawal Fee",-14,,6004,"Bank Charges",2026,February 2026
2026-02-11,"Credit Transfer - C-Pack Corrugated",27534.74,,4001,"Sales / Revenue",2026,February 2026
2026-02-11,"Cheque Card Purchase - Stikland Fish",-60,,1702,"Director's Loan Account",2026,February 2026
2026-02-11,"Cash Withdrawal Fee",-16.8,,6004,"Bank Charges",2026,February 2026
2026-02-12,"Cheque Card Purchase - AS Family Sto",-244.97,,1702,"Director's Loan Account",2026,February 2026
2026-02-12,"Fee: Payment Confirm - Email - TVH Parts SA",-0.8,,5001,"Cost of Goods Sold",2026,February 2026
2026-02-12,"Immediate Payment - TVH Parts SA",-5423.52,,5001,"Cost of Goods Sold",2026,February 2026
2026-02-12,"Real Time Transfer From - Divfood Tractor1054240574",862.5,,4001,"Sales / Revenue",2026,February 2026
2026-02-12,"Cheque Card Purchase - VPS*Drakenste",-54,,1702,"Director's Loan Account",2026,February 2026
2026-02-12,"Fee Immediate Payment",-45,,6004,"Bank Charges",2026,February 2026
2026-02-13,"Other Bank ATM Cash Withd. At SBSA",-1000,,1702,"Director's Loan Account",2026,February 2026
2026-02-13,"Fee: Payment Confirm - SMS - Zedine",-1.2,,6004,"Bank Charges",2026,February 2026
2026-02-13,"Cheque Card Purchase - Frendos",-164,,1702,"Director's Loan Account",2026,February 2026
2026-02-13,"Fee: Annual Review",-577.5,,6004,"Bank Charges",2026,February 2026
2026-02-13,"Cash Withdrawal Fee",-28,,6004,"Bank Charges",2026,February 2026
2026-02-13,"Cheque Card Purchase - Platinum Loun",-145,,1702,"Director's Loan Account",2026,February 2026
2026-02-13,"Fee: PayShap Payment",-7,,6004,"Bank Charges",2026,February 2026
2026-02-13,"PayShap Payment To Sekkie",-600,,1702,"Director's Loan Account",2026,February 2026
2026-02-13,"Cheque Card Purchase - Platinum Loun",-70,,1702,"Director's Loan Account",2026,February 2026
2026-02-14,"Cheque Card Purchase - Diesel Inject",-3565,,5001,"Cost of Goods Sold",2026,February 2026
2026-02-14,"PayShap Payment To Mandy0",-500,,6022,"Director's Remuneration",2026,February 2026
2026-02-14,"Fee: Payment Confirm - SMS - Mrs M Johnson",-1.2,,6022,"Director's Remuneration",2026,February 2026
2026-02-14,"Fee: PayShap Payment",-7,,6004,"Bank Charges",2026,February 2026
2026-02-14,"Cash Withdrawal Fee",-11.2,,6004,"Bank Charges",2026,February 2026
2026-02-14,"Cheque Card Purchase - Slagerij Van",-349.8,,1702,"Director's Loan Account",2026,February 2026
2026-02-14,"Other Bank ATM Cash Withd. At SBSA",-350,,1702,"Director's Loan Account",2026,February 2026
2026-02-14,"Cheque Card Purchase - C*BP Paarl",-500,,6011,"Motor Vehicle Expenses",2026,February 2026
2026-02-16,"Fee: Payment Confirm - SMS - Mrs M Johnson",-1.2,,6022,"Director's Remuneration",2026,February 2026
2026-02-16,"Fee-Electronic Account Payment",-6.1,,6004,"Bank Charges",2026,February 2026
2026-02-16,"Cheque Card Purchase - Wynland Motor",-500,,6011,"Motor Vehicle Expenses",2026,February 2026
2026-02-16,"PayShap Payment To Mandy0",-400,,6022,"Director's Remuneration",2026,February 2026
2026-02-16,"Cheque Card Purchase - Ultra Liquor",-314.97,,1702,"Director's Loan Account",2026,February 2026
2026-02-16,"IB Payment To Bearing World",-965.53,,5001,"Cost of Goods Sold",2026,February 2026
2026-02-16,"Fee: Payment Confirm - SMS - Bearing World",-1.2,,5001,"Cost of Goods Sold",2026,February 2026
2026-02-16,"IB Payment To Sunbrite Forklifts Cpack",-5632.7,,5001,"Cost of Goods Sold",2026,February 2026
2026-02-16,"Cheque Card Purchase - OK Minimark D",-57.98,,1702,"Director's Loan Account",2026,February 2026
2026-02-16,"Fee: Payment Confirm - SMS - Sunbrite Forklifts",-1.2,,5001,"Cost of Goods Sold",2026,February 2026
2026-02-16,"Cheque Card Purchase - Boland Hair S",-110,,1702,"Director's Loan Account",2026,February 2026
2026-02-16,"Fee: PayShap Payment",-7,,6004,"Bank Charges",2026,February 2026
2026-02-16,"Fee-Electronic Account Payment",-6.1,,6004,"Bank Charges",2026,February 2026
2026-02-17,"Cheque Card Purchase - Expressmark P",-50.99,,1702,"Director's Loan Account",2026,February 2026
2026-02-17,"Cheque Card Purchase - Clutch Brake",-1035,,5001,"Cost of Goods Sold",2026,February 2026
2026-02-17,"PayShap Payment To Mandy0",-500,,6022,"Director's Remuneration",2026,February 2026
2026-02-17,"Cheque Card Purchase - C*Die Visfabr",-133.2,,1702,"Director's Loan Account",2026,February 2026
2026-02-17,"Fee: PayShap Payment",-7,,6004,"Bank Charges",2026,February 2026
2026-02-17,"Cheque Card Purchase - IK *Hydraberg",-747.5,,5001,"Cost of Goods Sold",2026,February 2026
2026-02-17,"Fee: Payment Confirm - SMS - Mrs M Johnson",-1.2,,6022,"Director's Remuneration",2026,February 2026
2026-02-17,"Cheque Card Purchase - Superspar Paa",-200.98,,1702,"Director's Loan Account",2026,February 2026
2026-02-17,"Cheque Card Purchase - Platinum Loun",-50,,1702,"Director's Loan Account",2026,February 2026
2026-02-17,"Cheque Card Purchase - Kaap Agri Paa",-150.03,,1702,"Director's Loan Account",2026,February 2026
2026-02-17,"Cheque Card Purchase - C*Diesel Elec",-258.75,,5001,"Cost of Goods Sold",2026,February 2026
2026-02-18,"Cheque Card Purchase - HPY*Arfan Sho",-130,,1702,"Director's Loan Account",2026,February 2026
2026-02-18,"Cheque Card Purchase - Masterparts P",-702.05,,5001,"Cost of Goods Sold",2026,February 2026
2026-02-18,"Cheque Card Purchase - PNP Exp Paarl",-46.9,,1702,"Director's Loan Account",2026,February 2026
2026-02-18,"Cheque Card Purchase - BMG Paarl",-214.89,,5001,"Cost of Goods Sold",2026,February 2026
2026-02-19,"Credit Transfer - Yagdan Manufacturing (Pty) Ltd",3576.5,,4001,"Sales / Revenue",2026,February 2026
2026-02-20,"Autobank Cash Withdrawal",-2200,,1702,"Director's Loan Account",2026,February 2026
2026-02-20,"Cheque Card Purchase - Porto Moura",-423,,1702,"Director's Loan Account",2026,February 2026
2026-02-20,"Cheque Card Purchase - C*Diesel Elec",-309.36,,5001,"Cost of Goods Sold",2026,February 2026
2026-02-20,"Cheque Card Purchase - Laingsburg Su",-50,,1702,"Director's Loan Account",2026,February 2026
2026-02-20,"Fee: Payment Confirm - SMS - Haygan Johnson",-1.2,,6022,"Director's Remuneration",2026,February 2026
2026-02-20,"Cheque Card Purchase - Hickman's",-660,,1702,"Director's Loan Account",2026,February 2026
2026-02-20,"Cheque Card Purchase - Skynet South",-141.16,,1702,"Director's Loan Account",2026,February 2026
2026-02-20,"Cheque Card Purchase - Huguenot Tap",-53,,6025,"Toll Gate Fees",2026,February 2026
2026-02-20,"Cheque Card Purchase - C*BP Paarl",-1489.96,,6011,"Motor Vehicle Expenses",2026,February 2026
2026-02-20,"Cheque Card Purchase - Tops Victoria",-117.99,,1702,"Director's Loan Account",2026,February 2026
2026-02-20,"IB Payment To Haygan Johnson",-200,,6022,"Director's Remuneration",2026,February 2026
2026-02-20,"Magtape Credit",5807.5,,4001,"Sales / Revenue",2026,February 2026
2026-02-20,"Cheque Card Purchase - PNP Exp Paarl",-110.79,,1702,"Director's Loan Account",2026,February 2026
2026-02-20,"Fee-Electronic Account Payment",-6.1,,6004,"Bank Charges",2026,February 2026
2026-02-20,"Cash Withdrawal Fee",-61.6,,6004,"Bank Charges",2026,February 2026
2026-02-21,"Cheque Card Purchase - Karoo Vleisbo",-51.5,,1702,"Director's Loan Account",2026,February 2026
2026-02-21,"IB Payment To Haygan Johnson",-220,,6022,"Director's Remuneration",2026,February 2026
2026-02-21,"Cash Withdrawal Fee",-16.8,,6004,"Bank Charges",2026,February 2026
2026-02-21,"Fee-Electronic Account Payment",-6.1,,6004,"Bank Charges",2026,February 2026
2026-02-21,"Autobank Cash Withdrawal",-600,,1702,"Director's Loan Account",2026,February 2026
2026-02-21,"Cheque Card Purchase - Ultra Liquor",-199.99,,1702,"Director's Loan Account",2026,February 2026
2026-02-21,"Cheque Card Purchase - Huguenot Tap",-53,,6025,"Toll Gate Fees",2026,February 2026
2026-02-21,"Fee: Payment Confirm - SMS - Haygan Johnson",-1.2,,6022,"Director's Remuneration",2026,February 2026
2026-02-23,"Cheque Card Purchase - Hoofweg Motor",-600,,1702,"Director's Loan Account",2026,February 2026
2026-02-23,"Autobank Cash Withdrawal",-500,,1702,"Director's Loan Account",2026,February 2026
2026-02-23,"Cash Withdrawal Fee",-8.4,,6004,"Bank Charges",2026,February 2026
2026-02-23,"Autobank Cash Withdrawal",-1000,,1702,"Director's Loan Account",2026,February 2026
2026-02-23,"Cheque Card Purchase - OK Express PR",-57.98,,1702,"Director's Loan Account",2026,February 2026
2026-02-23,"Cash Withdrawal Fee",-14,,6004,"Bank Charges",2026,February 2026
2026-02-23,"Autobank Cash Withdrawal",-250,,1702,"Director's Loan Account",2026,February 2026
2026-02-23,"Cash Withdrawal Fee",-28,,6004,"Bank Charges",2026,February 2026
2026-02-24,"IB Payment To ALB Abattoir Skaap",-2245.03,,1702,"Director's Loan Account",2026,February 2026
2026-02-24,"Fee: Payment Confirm - SMS - ALB Abattoir",-1.2,,6004,"Bank Charges",2026,February 2026
2026-02-24,"Cheque Card Purchase - AS Family Sto",-164.73,,1702,"Director's Loan Account",2026,February 2026
2026-02-24,"Fee-Electronic Account Payment",-6.1,,6004,"Bank Charges",2026,February 2026
2026-02-24,"Fee-Electronic Account Payment",-6.1,,6004,"Bank Charges",2026,February 2026
2026-02-24,"Cheque Card Purchase - C*BP Paarl",-500,,6011,"Motor Vehicle Expenses",2026,February 2026
2026-02-24,"Cheque Card Purchase - Ultra Liquor",-418.97,,1702,"Director's Loan Account",2026,February 2026
2026-02-24,"Fee: Payment Confirm - SMS - Zedine",-1.2,,6004,"Bank Charges",2026,February 2026
2026-02-24,"PayShap Payment To Sekkie",-100,,1702,"Director's Loan Account",2026,February 2026
2026-02-24,"Cheque Card Purchase - FLM Paarl",-376.8,,1702,"Director's Loan Account",2026,February 2026
2026-02-24,"Fee: Payment Confirm - Email - Wolo Travel Pty Ltd",-0.8,,6004,"Bank Charges",2026,February 2026
2026-02-24,"IB Payment To Wolo Travel Pty Ltd Thailand",-11995,,1702,"Director's Loan Account",2026,February 2026
2026-02-24,"Fee: PayShap Payment",-7,,6004,"Bank Charges",2026,February 2026
2026-02-24,"Cheque Card Purchase - AS Family Sto",-82,,1702,"Director's Loan Account",2026,February 2026
2026-02-24,"Cheque Card Purchase - DLocal *Temu",-449,,1702,"Director's Loan Account",2026,February 2026
2026-02-24,"Bank Charges - International",-12.35,,6004,"Bank Charges",2026,February 2026
2026-02-25,"Electricity Purchase",-100,,6020,"Utilities",2026,February 2026
2026-02-25,"Cheque Card Purchase - IK *Havana NI",-29,,1702,"Director's Loan Account",2026,February 2026
2026-02-25,"IB Payment To Haygan Johnson",-100,,6022,"Director's Remuneration",2026,February 2026
2026-02-25,"Cheque Card Purchase - IK *Havana NI",-209,,1702,"Director's Loan Account",2026,February 2026
2026-02-25,"Cheque Card Purchase - IK *Havana NI",-29,,1702,"Director's Loan Account",2026,February 2026
2026-02-25,"Cheque Card Purchase - Markham Paarl",-75,,1702,"Director's Loan Account",2026,February 2026
2026-02-25,"Cheque Card Purchase - DLocal *Temu",-195,,1702,"Director's Loan Account",2026,February 2026
2026-02-25,"Cheque Card Purchase - IK *Havana NI",-161,,1702,"Director's Loan Account",2026,February 2026
2026-02-25,"Cheque Card Purchase - IK *Havana NI",-118,,1702,"Director's Loan Account",2026,February 2026
2026-02-25,"Bank Charges - International",-5.36,,6004,"Bank Charges",2026,February 2026
2026-02-25,"Overdraft Interest",-499.38,,6004,"Bank Charges",2026,February 2026
2026-02-25,"Fee: Payment Confirm - SMS - TL Testing",-1.2,,6004,"Bank Charges",2026,February 2026
2026-02-25,"Cheque Card Purchase - IK *Havana NI",-137,,1702,"Director's Loan Account",2026,February 2026
2026-02-25,"Cheque Card Purchase - Furball Pet S",-190,,1702,"Director's Loan Account",2026,February 2026
2026-02-25,"Credit Life Protection",-106.84,,6008,"Insurance",2026,February 2026
2026-02-25,"Fee-Electronic Account Payment",-6.1,,6004,"Bank Charges",2026,February 2026
2026-02-25,"IB Payment To TL Testing Load Test",-1376,,1702,"Director's Loan Account",2026,February 2026
2026-02-25,"Fee-Electronic Account Payment",-6.1,,6004,"Bank Charges",2026,February 2026
2026-02-25,"Fee: Electricity Purchase",-1.6,,6020,"Utilities",2026,February 2026
2026-02-25,"Cheque Card Purchase - Ultra Liquor",-218.98,,1702,"Director's Loan Account",2026,February 2026
2026-02-25,"Fee: Payment Confirm - SMS - Haygan Johnson",-1.2,,6022,"Director's Remuneration",2026,February 2026
2026-02-26,"Electricity Purchase",-100,,6020,"Utilities",2026,February 2026
2026-02-26,"Fee: Electricity Purchase",-1.6,,6020,"Utilities",2026,February 2026
2026-02-27,"Magtape Credit - KVB Abat - Inv 3026",18342.5,,4001,"Sales / Revenue",2026,February 2026
2026-02-27,"Credit Transfer - Lamara 2 Rivers",4186,,4001,"Sales / Revenue",2026,February 2026
2026-02-27,"Cheque Card Purchase - I Linex Air S",-83.68,,1702,"Director's Loan Account",2026,February 2026
2026-02-27,"Cheque Card Purchase - Ultra Liquor",-199.99,,1702,"Director's Loan Account",2026,February 2026
2026-02-27,"Fee-Electronic Account Payment",-6.1,,6004,"Bank Charges",2026,February 2026
2026-02-27,"Fee: PayShap Payment",-7,,6004,"Bank Charges",2026,February 2026
2026-02-27,"Magtape Credit - KVB Abat - Inv 3024",15065,,4001,"Sales / Revenue",2026,February 2026
2026-02-27,"Cheque Card Purchase - OK Minimark D",-26.98,,1702,"Director's Loan Account",2026,February 2026
2026-02-27,"Other Bank ATM Cash Withd. At SBSA",-1000,,1702,"Director's Loan Account",2026,February 2026
2026-02-27,"PayShap Payment To Sekkie",-350,,1702,"Director's Loan Account",2026,February 2026
2026-02-27,"Fee: Payment Confirm - SMS - Zedine",-1.2,,6004,"Bank Charges",2026,February 2026
2026-02-27,"IB Payment To Diesel Injectio Tech Satchwell",-2000,,5001,"Cost of Goods Sold",2026,February 2026
2026-02-27,"Fee: Payment Confirm - Email - Diesel Injection Tech",-0.8,,5001,"Cost of Goods Sold",2026,February 2026
2026-02-27,"Cash Withdrawal Fee",-28,,6004,"Bank Charges",2026,February 2026
2026-02-28,"Fee - Debit Order",-4,,6004,"Bank Charges",2026,February 2026
2026-02-28,"Fee: Unused Facility",-17.95,,6004,"Bank Charges",2026,February 2026
2026-02-28,"Fee - Debit Order",-4,,6004,"Bank Charges",2026,February 2026
2026-02-28,"JNL-13: MFC instalment 2026-02-28 - interest portion (loan amortization)",9338.83,,6030,"Finance Charges - Vehicle Loan",2026,JNL-13
2026-02-28,"Telephone Account - Telkommobi",-687.39,,6018,"Telephone",2026,February 2026
2026-02-28,"JNL-19: Revalue Trade Debtors to confirmed year-end figure (R275,832)",-14727,,4001,"Sales / Revenue",2026,JNL-19
2026-02-28,"JNL-19: Revalue Trade Creditors to confirmed year-end figure (R25,837)",-5298,,5001,"Cost of Goods Sold",2026,JNL-19
2026-02-28,"Registered DC Debit - NEDABF/MFC29058980001",-13262.95,,2102,"MFC Vehicle Finance - Isuzu",2026,February 2026
2026-02-28,"JNL-18: Final-year depreciation - Mercedes-Benz Vito (5-year cycle complete, written down to R1 residual)",-55399,,1510,"Motor Vehicles - Mercedes-Benz Vito",2026,JNL-18
2026-02-28,"Fee - Debit Order",-4,,6004,"Bank Charges",2026,February 2026
2026-02-28,"Cheque Card Purchase - VPS*Drakenste",-43,,1702,"Director's Loan Account",2026,February 2026
2026-02-28,"Insurance Premium - Santam",-945.73,,6008,"Insurance",2026,February 2026
2026-02-28,"Registered DC Debit - Dotsure MB04986264",-399,,1702,"Director's Loan Account",2026,February 2026
2026-02-28,"Fee: MyUpdates For Business",-44.1,,6004,"Bank Charges",2026,February 2026
2026-02-28,"JNL-19: Revalue Trade Creditors to confirmed year-end figure (R25,837)",5298,,2001,"Trade Creditors",2026,JNL-19
2026-02-28,"Cheque Card Purchase - Superspar Paa",-82,,1702,"Director's Loan Account",2026,February 2026
2026-02-28,"Overdraft Service Fee",-99,,6004,"Bank Charges",2026,February 2026
2026-02-28,"JNL-19: Revalue Trade Debtors to confirmed year-end figure (R275,832)",14727,,1100,"Trade Debtors",2026,JNL-19
2026-02-28,"Fee - Debit Order",-4,,6004,"Bank Charges",2026,February 2026
2026-02-28,"Monthly Management Fee",-15,,6004,"Bank Charges",2026,February 2026
2026-02-28,"JNL-13: MFC instalment 2026-02-28 - interest portion (loan amortization)",-9338.83,,2102,"MFC Vehicle Finance - Isuzu",2026,JNL-13
2026-02-28,"JNL-18: Final-year depreciation - Mercedes-Benz Vito (5-year cycle complete, written down to R1 residual)",55399,,6006,"Depreciation / Wear & Tear",2026,JNL-18
2026-03-02,"Debit Transfer - Absa Insurance",-831.89,,6008,"Insurance",2027,March 2026
2026-03-02,"Fee - Debit Order",-4,,6004,"Bank Charges",2027,March 2026
2026-03-02,"Debit Transfer - Pacrs Debit Johnson",-499.68,,1702,"Director's Loan Account",2027,March 2026
2026-03-02,"Cheque Card Purchase - C*Wynland Motors",-200,,6011,"Motor Vehicle Expenses",2027,March 2026
2026-03-02,"Cash Withdrawal Fee",-11.2,,6004,"Bank Charges",2027,March 2026
2026-03-02,"Cheque Card Purchase - Tops Paarl",-260.99,,1702,"Director's Loan Account",2027,March 2026
2026-03-02,"Autobank Cash Withdrawal",-400,,1702,"Director's Loan Account",2027,March 2026
2026-03-02,"Cheque Card Purchase - Coastal Hire",-200,,6027,"Small Equipment",2027,March 2026
2026-03-02,"Fee - Debit Order",-4,,6004,"Bank Charges",2027,March 2026
2026-03-02,"Cheque Card Purchase - Ultra Liquor",-218.98,,1702,"Director's Loan Account",2027,March 2026
2026-03-03,"IB Payment From Reeve",1500,,4001,"Sales / Revenue",2027,March 2026
2026-03-03,"Credit Transfer - Cashfocus Agrimark",2213.75,,4001,"Sales / Revenue",2027,March 2026
2026-03-03,"Cheque Card Purchase - Abels Liquors",-425,,1702,"Director's Loan Account",2027,March 2026
2026-03-04,"Cheque Card Purchase - C*BP Paarl",-500,,6011,"Motor Vehicle Expenses",2027,March 2026
2026-03-04,"Fee - Electronic Account Payment",-6.1,,6004,"Bank Charges",2027,March 2026
2026-03-04,"Cheque Card Purchase - Everest 10000",-2242.5,,1702,"Director's Loan Account",2027,March 2026
2026-03-04,"Cheque Card Purchase - Hpy*Arfan Shop",-93,,1702,"Director's Loan Account",2027,March 2026
2026-03-04,"IB Payment To SA Home Loans Trust Bond",-7164.5,,1702,"Director's Loan Account",2027,March 2026
2026-03-04,"Cheque Card Purchase - Platinum Lounge",-75,,1702,"Director's Loan Account",2027,March 2026
2026-03-05,"Credit Transfer - Cashfocus Agrimark",6169.75,,4001,"Sales / Revenue",2027,March 2026
2026-03-05,"Magtape Credit - Three Streams Smokehouse",4197.5,,4001,"Sales / Revenue",2027,March 2026
2026-03-06,"Immediate Payment - TL Testing",-3600,,1702,"Director's Loan Account",2027,March 2026
2026-03-06,"Credit Transfer - Cashfocus Agrimark",3823.75,,4001,"Sales / Revenue",2027,March 2026
2026-03-06,"Fee: Payment Confirm - SMS (TL Testing)",-1.2,,6004,"Bank Charges",2027,March 2026
2026-03-06,"Fee Immediate Payment",-45,,6004,"Bank Charges",2027,March 2026
2026-03-07,"Cheque Card Purchase - Harker's Auto",-1250.46,,1702,"Director's Loan Account",2027,March 2026
2026-03-07,"Magtape Credit - Xu J",20000,,4001,"Sales / Revenue",2027,March 2026
2026-03-07,"Bank Charges - International",-4.19,,6004,"Bank Charges",2027,March 2026
2026-03-07,"Cheque Card Purchase - On The Line Store",-152.42,,1702,"Director's Loan Account",2027,March 2026
2026-03-07,"Cheque Card Purchase - C*Hartmans",-156,,1702,"Director's Loan Account",2027,March 2026
2026-03-09,"Cheque Card Purchase - C*Wynland Motors",-955.9,,6011,"Motor Vehicle Expenses",2027,March 2026
2026-03-09,"Credit Transfer - C-Pack Corrugated",12462.79,,4001,"Sales / Revenue",2027,March 2026
2026-03-09,"Fee: Payment Confirm - Email (TVH Parts SA)",-0.8,,5001,"Cost of Goods Sold",2027,March 2026
2026-03-09,"Bank Charges - International",-4.24,,6004,"Bank Charges",2027,March 2026
2026-03-09,"Fee - Electronic Account Payment",-6.1,,6004,"Bank Charges",2027,March 2026
2026-03-09,"Other Bank ATM Cash Withdrawal",-300,,1702,"Director's Loan Account",2027,March 2026
2026-03-09,"IB Payment To TL Testing Load Test",-610,,1702,"Director's Loan Account",2027,March 2026
2026-03-09,"IB Payment To AJohnson Personal Loan",-4500,,1702,"Director's Loan Account",2027,March 2026
2026-03-09,"Cheque Card Purchase - Porto Moura",-646,,1702,"Director's Loan Account",2027,March 2026
2026-03-09,"IB Payment To Diesel Injection Tech Zoos",-7200,,5001,"Cost of Goods Sold",2027,March 2026
2026-03-09,"Fee - Electronic Account Payment",-6.1,,6004,"Bank Charges",2027,March 2026
2026-03-09,"Cheque Card Purchase - Dlocal *Temu",-154,,1702,"Director's Loan Account",2027,March 2026
2026-03-09,"Fee: Payment Confirm - SMS (Mikes Hydraulics)",-1.2,,5001,"Cost of Goods Sold",2027,March 2026
2026-03-09,"Fee: Payment Confirm - SMS (Sunbrite Forklifts)",-1.2,,5001,"Cost of Goods Sold",2027,March 2026
2026-03-09,"Fee: Payment Confirm - SMS (TL Testing)",-1.2,,6004,"Bank Charges",2027,March 2026
2026-03-09,"IB Payment To TVH Parts SA",-2985.14,,5001,"Cost of Goods Sold",2027,March 2026
2026-03-09,"Cheque Card Purchase - Hickman's",-660,,1702,"Director's Loan Account",2027,March 2026
2026-03-09,"IB Payment To Mikes Hydraulics Agri",-593.96,,5001,"Cost of Goods Sold",2027,March 2026
2026-03-09,"Fee - Electronic Account Payment",-6.1,,6004,"Bank Charges",2027,March 2026
2026-03-09,"Fee - Electronic Account Payment",-6.1,,6004,"Bank Charges",2027,March 2026
2026-03-09,"Cash Withdrawal Fee",-8.4,,6004,"Bank Charges",2027,March 2026
2026-03-09,"IB Payment To Sunbrite Forklifts Agri Hermon",-12108.35,,5001,"Cost of Goods Sold",2027,March 2026
2026-03-09,"Cheque Card Purchase - Shell City",-400.05,,6011,"Motor Vehicle Expenses",2027,March 2026
2026-03-09,"Cheque Card Purchase - KFC Laingsburg",-97.7,,1702,"Director's Loan Account",2027,March 2026
2026-03-09,"Fee - Electronic Account Payment",-6.1,,6004,"Bank Charges",2027,March 2026
2026-03-09,"Cheque Card Purchase - Tops Victoria",-379.99,,1702,"Director's Loan Account",2027,March 2026
2026-03-09,"Fee: Payment Confirm - Email (Diesel Injection Tech)",-0.8,,5001,"Cost of Goods Sold",2027,March 2026
2026-03-09,"Fee - Electronic Account Payment",-6.1,,6004,"Bank Charges",2027,March 2026
2026-03-10,"IB Payment To Midas Part Center",-6843,,5001,"Cost of Goods Sold",2027,March 2026
2026-03-10,"Cheque Card Purchase - Huguenot Tap",-54.5,,6025,"Toll Gate Fees",2027,March 2026
2026-03-10,"Cheque Card Purchase - C*Die Visfabriek",-61,,1702,"Director's Loan Account",2027,March 2026
2026-03-10,"Cheque Card Purchase - Shell City",-1400.15,,6011,"Motor Vehicle Expenses",2027,March 2026
2026-03-10,"Cheque Card Purchase - Engen Laingsburg",-500,,6011,"Motor Vehicle Expenses",2027,March 2026
2026-03-10,"Fee - Electronic Account Payment",-6.1,,6004,"Bank Charges",2027,March 2026
2026-03-10,"Cheque Card Purchase - C*Wynland Motors",-500,,6011,"Motor Vehicle Expenses",2027,March 2026
2026-03-10,"Cheque Card Purchase - C*Abels Liquor",-375,,1702,"Director's Loan Account",2027,March 2026
2026-03-11,"Cheque Card Purchase - Checkers Paarl",-73.98,,1702,"Director's Loan Account",2027,March 2026
2026-03-11,"IB Payment To Haygan Johnson",-50,,6022,"Director's Remuneration",2027,March 2026
2026-03-11,"Cheque Card Purchase - Huguenot Tunnel",-54.5,,6025,"Toll Gate Fees",2027,March 2026
2026-03-11,"Fee - Electronic Account Payment",-6.1,,6004,"Bank Charges",2027,March 2026
2026-03-11,"Fee: Payment Confirm - SMS (Haygan Johnson)",-1.2,,6022,"Director's Remuneration",2027,March 2026
2026-03-11,"Electricity Purchase",-200,,6020,"Utilities",2027,March 2026
2026-03-11,"Cheque Card Purchase - Dlocal *Temu",-281,,1702,"Director's Loan Account",2027,March 2026
2026-03-11,"Electricity Purchase",-500,,6020,"Utilities",2027,March 2026
2026-03-11,"Bank Charges - International",-7.73,,6004,"Bank Charges",2027,March 2026
2026-03-11,"Cheque Card Purchase - C*OK Express",-34.98,,1702,"Director's Loan Account",2027,March 2026
2026-03-11,"Fee: Electricity Purchase",-1.6,,6020,"Utilities",2027,March 2026
2026-03-11,"Fee: Electricity Purchase",-1.6,,6020,"Utilities",2027,March 2026
2026-03-12,"IB Payment To Sunbrite Forklifts Agri Hermon",-6667.7,,5001,"Cost of Goods Sold",2027,March 2026
2026-03-12,"Fee - Electronic Account Payment",-6.1,,6004,"Bank Charges",2027,March 2026
2026-03-12,"Fee: Payment Confirm - SMS (Sunbrite Forklifts)",-1.2,,5001,"Cost of Goods Sold",2027,March 2026
2026-03-13,"Cheque Card Purchase - Huguenot Tap",-54.5,,6025,"Toll Gate Fees",2027,March 2026
2026-03-13,"Cheque Card Purchase - Hpy*Arfan Shop",-84,,1702,"Director's Loan Account",2027,March 2026
2026-03-13,"Cheque Card Purchase - Huguenot Tap",-54.5,,6025,"Toll Gate Fees",2027,March 2026
2026-03-13,"Cheque Card Purchase - Die Wingerd",-27.4,,1702,"Director's Loan Account",2027,March 2026
2026-03-13,"Magtape Credit - Three Streams Smokehouse",1610,,4001,"Sales / Revenue",2027,March 2026
2026-03-13,"Cheque Card Purchase - Northern Paarl",-1000,,1702,"Director's Loan Account",2027,March 2026
2026-03-13,"Cheque Card Purchase - Kaap Agri Paarl",-628.35,,1702,"Director's Loan Account",2027,March 2026
2026-03-13,"Electronic Banking Payment - Inv 3029 Bourbon Fruit",4508,,4001,"Sales / Revenue",2027,March 2026
2026-03-14,"Cheque Card Purchase - S2S*Megapacka",-55,,1702,"Director's Loan Account",2027,March 2026
2026-03-14,"Cheque Card Purchase - Superspar Robertson",-79.42,,1702,"Director's Loan Account",2027,March 2026
2026-03-16,"Cheque Card Purchase - Ultra Liquor",-319.97,,1702,"Director's Loan Account",2027,March 2026
2026-03-16,"Cheque Card Purchase - Skynet South",-72.6,,1702,"Director's Loan Account",2027,March 2026
2026-03-16,"Cheque Card Purchase - Build It Boland",-213.97,,1702,"Director's Loan Account",2027,March 2026
2026-03-17,"Cheque Card Purchase - Ultra Liquor",-325.98,,1702,"Director's Loan Account",2027,March 2026
2026-03-18,"Payshap Payment To Sekkie",-100,,6022,"Director's Remuneration",2027,March 2026
2026-03-18,"Cheque Card Purchase - C*Wynland Motors",-100,,6011,"Motor Vehicle Expenses",2027,March 2026
2026-03-18,"Fee: Payshap Payment",-7,,6004,"Bank Charges",2027,March 2026
2026-03-18,"Cash Withdrawal Fee",-42,,6004,"Bank Charges",2027,March 2026
2026-03-18,"Fee: Payment Confirm - SMS (Zedine)",-1.2,,6022,"Director's Remuneration",2027,March 2026
2026-03-18,"Cheque Card Purchase - S2S*Bangcafe",-44,,1702,"Director's Loan Account",2027,March 2026
2026-03-18,"Autobank Cash Withdrawal",-1500,,1702,"Director's Loan Account",2027,March 2026
2026-03-18,"Credit Transfer - Hoekstra Fruit Farms",5172.7,,4001,"Sales / Revenue",2027,March 2026
2026-03-19,"Cheque Card Purchase - C*OK Express",-93.97,,1702,"Director's Loan Account",2027,March 2026
2026-03-19,"Autobank Cash Withdrawal",-500,,1702,"Director's Loan Account",2027,March 2026
2026-03-19,"Cheque Card Purchase - C*Diesel Electrical",-384.1,,5001,"Cost of Goods Sold",2027,March 2026
2026-03-19,"Cash Withdrawal Fee",-14,,6004,"Bank Charges",2027,March 2026
2026-03-20,"Cheque Card Purchase - C*Filco Parts",-165.19,,5001,"Cost of Goods Sold",2027,March 2026
2026-03-20,"Cheque Card Purchase - C*Fowkes Bros",-134.26,,1702,"Director's Loan Account",2027,March 2026
2026-03-20,"Credit Transfer - Saturn Stainless Industries",6135.25,,4001,"Sales / Revenue",2027,March 2026
2026-03-20,"Autobank Cash Withdrawal",-1800,,1702,"Director's Loan Account",2027,March 2026
2026-03-20,"Cheque Card Purchase - Hpy*Arfan Shop",-130,,1702,"Director's Loan Account",2027,March 2026
2026-03-20,"Cash Withdrawal Fee",-50.4,,6004,"Bank Charges",2027,March 2026
2026-03-20,"Cheque Card Purchase - C*BP Paarl",-500,,6011,"Motor Vehicle Expenses",2027,March 2026
2026-03-23,"Cheque Card Purchase - Slagerij Van",-159.4,,1702,"Director's Loan Account",2027,March 2026
2026-03-23,"Cheque Card Purchase - Superspar Paarl",-387.98,,1702,"Director's Loan Account",2027,March 2026
2026-03-23,"Cash Withdrawal Fee",-28,,6004,"Bank Charges",2027,March 2026
2026-03-23,"Cheque Card Purchase - Allports",-52,,1702,"Director's Loan Account",2027,March 2026
2026-03-23,"Cash Withdrawal Fee",-14,,6004,"Bank Charges",2027,March 2026
2026-03-23,"Autobank Cash Withdrawal",-1000,,1702,"Director's Loan Account",2027,March 2026
2026-03-23,"Cheque Card Purchase - C*Goscor Lift",-877.91,,5001,"Cost of Goods Sold",2027,March 2026
2026-03-23,"Cash Withdrawal Fee",-28,,6004,"Bank Charges",2027,March 2026
2026-03-23,"Autobank Cash Withdrawal",-500,,1702,"Director's Loan Account",2027,March 2026
2026-03-23,"Autobank Cash Withdrawal",-1000,,1702,"Director's Loan Account",2027,March 2026
2026-03-24,"Cheque Card Purchase - Masterparts",-322.77,,5001,"Cost of Goods Sold",2027,March 2026
2026-03-24,"Electricity Purchase",-100,,6020,"Utilities",2027,March 2026
2026-03-24,"Cheque Card Purchase - C*Wynland Motors",-300,,6011,"Motor Vehicle Expenses",2027,March 2026
2026-03-24,"Cheque Card Purchase - Autokolor Paarl",-618.68,,5001,"Cost of Goods Sold",2027,March 2026
2026-03-24,"Cheque Card Purchase - Masterparts",-96.06,,5001,"Cost of Goods Sold",2027,March 2026
2026-03-24,"Credit Transfer - Wema Foods",8648.58,,4001,"Sales / Revenue",2027,March 2026
2026-03-24,"Cheque Card Purchase - C*BP Paarl",-1043.56,,6011,"Motor Vehicle Expenses",2027,March 2026
2026-03-24,"Cheque Card Purchase - Ultra Liquor",-324.98,,1702,"Director's Loan Account",2027,March 2026
2026-03-24,"Fee: Electricity Purchase",-1.6,,6020,"Utilities",2027,March 2026
2026-03-24,"Cheque Card Purchase - FLM Paarl",-203.61,,1702,"Director's Loan Account",2027,March 2026
2026-03-24,"Cheque Card Purchase - SA Auto Parts",-550,,5001,"Cost of Goods Sold",2027,March 2026
2026-03-25,"Cheque Card Purchase - Temu",-729,,1702,"Director's Loan Account",2027,March 2026
2026-03-25,"Cheque Card Purchase - C*Diesel Electrical",-416.07,,5001,"Cost of Goods Sold",2027,March 2026
2026-03-25,"Cheque Card Purchase - Autokolor Paarl",-338.42,,5001,"Cost of Goods Sold",2027,March 2026
2026-03-25,"Credit Transfer - Malan Melkery",7631.12,,4001,"Sales / Revenue",2027,March 2026
2026-03-25,"Cheque Card Purchase - Ultra Liquor",-218.98,,1702,"Director's Loan Account",2027,March 2026
2026-03-25,"Credit Life Protection",-101.85,,6008,"Insurance",2027,March 2026
2026-03-25,"Overdraft Interest",-475.13,,6004,"Bank Charges",2027,March 2026
2026-03-26,"Fee: Electricity Purchase",-1.6,,6020,"Utilities",2027,March 2026
2026-03-26,"Cheque Card Purchase - AHK Motor Spares",-700,,5001,"Cost of Goods Sold",2027,March 2026
2026-03-26,"Electricity Purchase",-600,,6020,"Utilities",2027,March 2026
2026-03-26,"Cheque Card Purchase - C*BP Paarl",-500,,6011,"Motor Vehicle Expenses",2027,March 2026
2026-03-26,"Cheque Card Purchase - Hpy*Arfan Shop",-122,,1702,"Director's Loan Account",2027,March 2026
2026-03-26,"Cheque Card Purchase - Paarl Exhaust",-150,,5001,"Cost of Goods Sold",2027,March 2026
2026-03-26,"Magtape Credit - Kenny Groenewald",1236.25,,4001,"Sales / Revenue",2027,March 2026
2026-03-27,"Cheque Card Purchase - CX Fresh X Drive",-771.26,,1702,"Director's Loan Account",2027,March 2026
2026-03-27,"Cash Withdrawal Fee",-56,,6004,"Bank Charges",2027,March 2026
2026-03-27,"Cheque Card Purchase - Masterparts",-41.08,,5001,"Cost of Goods Sold",2027,March 2026
2026-03-27,"Cheque Card Purchase - Hpy*Arfan Shop",-42,,1702,"Director's Loan Account",2027,March 2026
2026-03-27,"Autobank Cash Withdrawal",-2000,,1702,"Director's Loan Account",2027,March 2026
2026-03-27,"Cheque Card Purchase - IK*Hydraberg",-1035,,5001,"Cost of Goods Sold",2027,March 2026
2026-03-27,"Cheque Card Purchase - Ultra Liquor",-199.99,,1702,"Director's Loan Account",2027,March 2026
2026-03-28,"Cheque Card Purchase - IK*Hydraberg",-602.75,,5001,"Cost of Goods Sold",2027,March 2026
2026-03-28,"Cheque Card Purchase - Expressmark",-70.41,,1702,"Director's Loan Account",2027,March 2026
2026-03-28,"Cheque Card Purchase - H And H Used",-517.5,,1702,"Director's Loan Account",2027,March 2026
2026-03-28,"Cash Withdrawal Fee",-8.4,,6004,"Bank Charges",2027,March 2026
2026-03-28,"Other Bank ATM Cash Withdrawal",-300,,1702,"Director's Loan Account",2027,March 2026
2026-03-28,"Cheque Card Purchase - Ultra Liquor",-400.98,,1702,"Director's Loan Account",2027,March 2026
2026-03-30,"Cash Withdrawal Fee",-28,,6004,"Bank Charges",2027,March 2026
2026-03-30,"Registered DC Debit - Dotsure",-399,,6008,"Insurance",2027,March 2026
2026-03-30,"Cheque Card Purchase - Hpy*Stellies",-80,,1702,"Director's Loan Account",2027,March 2026
2026-03-30,"Cheque Card Purchase - Autokolor Paarl",-375.22,,5001,"Cost of Goods Sold",2027,March 2026
2026-03-30,"Magtape Credit - Inv3049",2038.38,,4001,"Sales / Revenue",2027,March 2026
2026-03-30,"Cheque Card Purchase - S2S*Bangcafe",-88,,1702,"Director's Loan Account",2027,March 2026
2026-03-30,"Value Loaded To Virtual Card",-8000,,1702,"Director's Loan Account",2027,March 2026
2026-03-30,"Other Bank ATM Balance Enquiry Fee",-11,,1702,"Director's Loan Account",2027,March 2026
2026-03-30,"Cheque Card Purchase - AE Dalvale",-1157.29,,1702,"Director's Loan Account",2027,March 2026
2026-03-30,"Fee - Debit Order",-4,,6004,"Bank Charges",2027,March 2026
2026-03-30,"Other Bank ATM Cash Withdrawal",-1000,,1702,"Director's Loan Account",2027,March 2026
2026-03-31,"Cheque Card Purchase - Game Paarl",-500,,1702,"Director's Loan Account",2027,March 2026
2026-03-31,"Telephone Account - Telkom Mobile",-686.92,,6018,"Telephone",2027,March 2026
2026-03-31,"Monthly Management Fee",-15,,6004,"Bank Charges",2027,March 2026
2026-03-31,"Fee: MyUpdates For Business",-47.25,,6004,"Bank Charges",2027,March 2026
2026-03-31,"Fee - Debit Order",-4,,6004,"Bank Charges",2027,March 2026
2026-03-31,"Autobank Cash Withdrawal",-300,,1702,"Director's Loan Account",2027,March 2026
2026-03-31,"Overdraft Service Fee",-99,,6004,"Bank Charges",2027,March 2026
2026-03-31,"Cheque Card Purchase - Boland Hair Studio",-110,,1702,"Director's Loan Account",2027,March 2026
2026-03-31,"Credit Transfer - Yagdan Manufacturing",5704,,4001,"Sales / Revenue",2027,March 2026
2026-03-31,"Cheque Card Purchase - Superspar Paarl",-325.15,,1702,"Director's Loan Account",2027,March 2026
2026-03-31,"Fee - Debit Order",-4,,6004,"Bank Charges",2027,March 2026
2026-03-31,"Fee: Unused Facility",-18.13,,6004,"Bank Charges",2027,March 2026
2026-03-31,"Insurance Premium - Santam",-945.73,,6008,"Insurance",2027,March 2026
2026-03-31,"Cash Withdrawal Fee",-8.4,,6004,"Bank Charges",2027,March 2026
2026-04-01,"IB Payment From Reeve",1500,,4001,"Sales / Revenue",2027,April 2026
2026-04-01,"Autobank Cash Withdrawal",-1000,,1702,"Director's Loan Account",2027,April 2026
2026-04-01,"Debit Transfer - Pacrs Debit Johnson",-499.68,,1702,"Director's Loan Account",2027,April 2026
2026-04-01,"Cheque Card Purchase - Tops Paarl",-150.99,,1702,"Director's Loan Account",2027,April 2026
2026-04-01,"Cheque Card Purchase - Platinum Lounge",-45,,1702,"Director's Loan Account",2027,April 2026
2026-04-01,"Fee - Debit Order",-4,,6004,"Bank Charges",2027,April 2026
2026-04-01,"Credit Transfer - Wema Foods",1956.2,,4001,"Sales / Revenue",2027,April 2026
2026-04-01,"Fee - Debit Order",-4,,6004,"Bank Charges",2027,April 2026
2026-04-01,"Debit Transfer - Absa Insurance",-831.89,,6008,"Insurance",2027,April 2026
2026-04-01,"Cash Withdrawal Fee",-28,,6004,"Bank Charges",2027,April 2026
2026-04-02,"Fee: Electricity Purchase",-1.6,,6020,"Utilities",2027,April 2026
2026-04-02,"Electronic Banking Payment - JMD Vervoer Inv3044",4537.33,,4001,"Sales / Revenue",2027,April 2026
2026-04-02,"Cheque Card Purchase - Superspar Paarl",-148.62,,1702,"Director's Loan Account",2027,April 2026
2026-04-02,"Cheque Card Purchase - AE Dalvale",-461.38,,1702,"Director's Loan Account",2027,April 2026
2026-04-02,"Cheque Card Purchase - AE Dalvale",-807.6,,1702,"Director's Loan Account",2027,April 2026
2026-04-02,"Cheque Card Purchase - C*Dischem Paarl",-239.98,,1702,"Director's Loan Account",2027,April 2026
2026-04-02,"Electricity Purchase",-100,,6020,"Utilities",2027,April 2026
2026-04-02,"Cheque Card Purchase - PnP Express Paarl",-75.9,,1702,"Director's Loan Account",2027,April 2026
2026-04-02,"Cheque Card Purchase - C*Die Visfabriek",-220.5,,1702,"Director's Loan Account",2027,April 2026
2026-04-04,"Autobank Cash Withdrawal",-1500,,1702,"Director's Loan Account",2027,April 2026
2026-04-04,"Cash Withdrawal Fee",-42,,6004,"Bank Charges",2027,April 2026
2026-04-04,"Other Bank ATM Balance Enquiry Fee",-11,,1702,"Director's Loan Account",2027,April 2026
2026-04-07,"Cheque Card Purchase - Lancehoudt Wholesalers",-165,,1702,"Director's Loan Account",2027,April 2026
2026-04-07,"Cheque Card Purchase - Ultra Liquor",-628.97,,1702,"Director's Loan Account",2027,April 2026
2026-04-07,"Cheque Card Purchase - OK Minimark",-182.12,,1702,"Director's Loan Account",2027,April 2026
2026-04-07,"Cheque Card Purchase - OK Minimark",-314.24,,1702,"Director's Loan Account",2027,April 2026
2026-04-07,"Credit Transfer - Cashfocus Agrimark",4065.25,,4001,"Sales / Revenue",2027,April 2026
2026-04-07,"Cheque Card Purchase - C*Seebries Cafe",-1064,,1702,"Director's Loan Account",2027,April 2026
2026-04-08,"Payshap Payment From Lwazi Chevrolet",310,,4001,"Sales / Revenue",2027,April 2026
2026-04-08,"Fee: Payment Confirm - SMS (TL Testing)",-1.2,,6004,"Bank Charges",2027,April 2026
2026-04-08,"Cheque Card Purchase - OK Express",-500,,1702,"Director's Loan Account",2027,April 2026
2026-04-08,"Cheque Card Purchase - Dockside Cafe",-500,,1702,"Director's Loan Account",2027,April 2026
2026-04-08,"Fee - Electronic Account Payment",-6.1,,6004,"Bank Charges",2027,April 2026
2026-04-08,"IB Payment To TL Testing Load Test",-765,,1702,"Director's Loan Account",2027,April 2026
2026-04-08,"Cheque Card Purchase - Spar Langebaan",-400.32,,1702,"Director's Loan Account",2027,April 2026
2026-04-08,"Cheque Card Purchase - Liquorshop",-441.28,,1702,"Director's Loan Account",2027,April 2026
2026-04-08,"Cheque Card Purchase - Tops Paarl",-409.98,,1702,"Director's Loan Account",2027,April 2026
2026-04-09,"Cheque Card Purchase - Masterparts",-306.77,,5001,"Cost of Goods Sold",2027,April 2026
2026-04-10,"Cheque Card Purchase - On The Line Store",-151.09,,1702,"Director's Loan Account",2027,April 2026
2026-04-10,"RTD-Not Provided For - Nedabf/MFC",13262.95,,1702,"Director's Loan Account",2027,April 2026
2026-04-10,"Cash Withdrawal Fee",-56,,6004,"Bank Charges",2027,April 2026
2026-04-10,"Fee - Debit Order",-4,,6004,"Bank Charges",2027,April 2026
2026-04-10,"Autobank Cash Withdrawal",-2000,,1702,"Director's Loan Account",2027,April 2026
2026-04-10,"Registered DC Debit - Nedabf/MFC",-13262.95,,1702,"Director's Loan Account",2027,April 2026
2026-04-10,"Unpaid Fee Debicheck Debit Order",-25,,6004,"Bank Charges",2027,April 2026
2026-04-10,"Bank Charges - International",-4.15,,6004,"Bank Charges",2027,April 2026
2026-04-11,"Cheque Card Purchase - Build It Boland",-187.48,,1702,"Director's Loan Account",2027,April 2026
2026-04-11,"Cash Withdrawal Fee",-8.4,,6004,"Bank Charges",2027,April 2026
2026-04-11,"Other Bank ATM Cash Withdrawal",-300,,1702,"Director's Loan Account",2027,April 2026
2026-04-13,"Fee: Payshap Payment",-7,,6004,"Bank Charges",2027,April 2026
2026-04-13,"IB Payment From Easy 1",20000,,4001,"Sales / Revenue",2027,April 2026
2026-04-13,"IB Payment To Paarl Tow In",-15000,,1702,"Director's Loan Account",2027,April 2026
2026-04-13,"Fee: Payment Confirm - SMS (Mrs M Johnson)",-1.2,,6022,"Director's Remuneration",2027,April 2026
2026-04-13,"Payshap Payment To Mandy",-350,,6022,"Director's Remuneration",2027,April 2026
2026-04-13,"Fee - Electronic Account Payment",-6.1,,6004,"Bank Charges",2027,April 2026
2026-04-13,"Fee: Payment Confirm - SMS (Paarl Tow In)",-1.2,,6004,"Bank Charges",2027,April 2026
2026-04-14,"Cheque Card Purchase - Kaap Agri Paarl",-158.35,,1702,"Director's Loan Account",2027,April 2026
2026-04-14,"Cheque Card Purchase - S2S*Bhuiyange",-92,,1702,"Director's Loan Account",2027,April 2026
2026-04-14,"Cheque Card Purchase - Superspar Paarl",-612.61,,1702,"Director's Loan Account",2027,April 2026
2026-04-14,"Cheque Card Purchase - Build It Boland",-89.99,,1702,"Director's Loan Account",2027,April 2026
2026-04-14,"Cheque Card Purchase - Ultra Liquor",-229.98,,1702,"Director's Loan Account",2027,April 2026
2026-04-14,"Fee: Payment Confirm - SMS (Haygan Johnson)",-1.2,,6022,"Director's Remuneration",2027,April 2026
2026-04-14,"Fee - Electronic Account Payment",-6.1,,6004,"Bank Charges",2027,April 2026
2026-04-14,"IB Payment From Easy 1",50000,,4001,"Sales / Revenue",2027,April 2026
2026-04-14,"Cheque Card Purchase - Checkers Ladysmith",-213.66,,1702,"Director's Loan Account",2027,April 2026
2026-04-14,"IB Payment To Haygan Johnson",-500,,6022,"Director's Remuneration",2027,April 2026
2026-04-15,"Cheque Card Purchase - C*Diesel Electrical",-1299.5,,5001,"Cost of Goods Sold",2027,April 2026
2026-04-15,"Fee - Electronic Account Payment",-6.1,,6004,"Bank Charges",2027,April 2026
2026-04-15,"Cheque Card Purchase - Ultra Liquor",-209.99,,1702,"Director's Loan Account",2027,April 2026
2026-04-15,"Fee: Payment Confirm - SMS (Bearing World)",-1.2,,5001,"Cost of Goods Sold",2027,April 2026
2026-04-15,"Cheque Card Purchase - Paarl Paint",-420,,1702,"Director's Loan Account",2027,April 2026
2026-04-15,"Other Bank ATM Cash Withdrawal",-1400,,1702,"Director's Loan Account",2027,April 2026
2026-04-15,"IB Payment To Sunbrite Forklifts Agri Hermon",-4485,,5001,"Cost of Goods Sold",2027,April 2026
2026-04-15,"Fee: Payment Confirm - SMS (Sunbrite Forklifts)",-1.2,,5001,"Cost of Goods Sold",2027,April 2026
2026-04-15,"IB Payment To Bearing World",-965.53,,5001,"Cost of Goods Sold",2027,April 2026
2026-04-15,"Cash Withdrawal Fee",-39.2,,6004,"Bank Charges",2027,April 2026
2026-04-15,"Cheque Card Purchase - Hpy*Arfan Shop",-42,,1702,"Director's Loan Account",2027,April 2026
2026-04-15,"Cheque Card Purchase - Midas",-1314,,5001,"Cost of Goods Sold",2027,April 2026
2026-04-15,"Fee - Electronic Account Payment",-6.1,,6004,"Bank Charges",2027,April 2026
2026-04-15,"Cheque Card Purchase - C*Diesel Electrical",-486.84,,5001,"Cost of Goods Sold",2027,April 2026
2026-04-16,"Cheque Card Purchase - Build It Boland",-324.99,,1702,"Director's Loan Account",2027,April 2026
2026-04-16,"Cheque Card Purchase - C*Altenergy",-1615,,1702,"Director's Loan Account",2027,April 2026
2026-04-16,"Cheque Card Purchase - C*BP Paarl",-500,,6011,"Motor Vehicle Expenses",2027,April 2026
2026-04-16,"Cheque Card Purchase - IK*Hydraberg",-1288,,5001,"Cost of Goods Sold",2027,April 2026
2026-04-16,"Cheque Card Purchase - Ultra Liquor",-228.98,,1702,"Director's Loan Account",2027,April 2026
2026-04-16,"Cheque Card Purchase - Superspar Paarl",-1586.41,,1702,"Director's Loan Account",2027,April 2026
2026-04-16,"Cheque Card Purchase - Hpy*Arfan Shop",-36,,1702,"Director's Loan Account",2027,April 2026
2026-04-17,"Cash Withdrawal Fee",-28,,6004,"Bank Charges",2027,April 2026
2026-04-17,"Autobank Cash Withdrawal",-1000,,1702,"Director's Loan Account",2027,April 2026
2026-04-17,"Cheque Card Purchase - SP Motor Engineering",-13000,,1702,"Director's Loan Account",2027,April 2026
2026-04-17,"Payshap Payment To Mandy",-500,,6022,"Director's Remuneration",2027,April 2026
2026-04-17,"Fee: Payment Confirm - SMS (Zedine)",-1.2,,6022,"Director's Remuneration",2027,April 2026
2026-04-17,"Fee - Debit Order",-4,,6004,"Bank Charges",2027,April 2026
2026-04-17,"Fee: Payshap Payment",-7,,6004,"Bank Charges",2027,April 2026
2026-04-17,"Payshap Payment To Sekkie",-500,,6022,"Director's Remuneration",2027,April 2026
2026-04-17,"Fee: Payment Confirm - SMS (Mrs M Johnson)",-1.2,,6022,"Director's Remuneration",2027,April 2026
2026-04-17,"Account Payment - Ned/MFC Agreed",-13239.84,,2102,"MFC Vehicle Finance - Isuzu",2027,April 2026
2026-04-17,"Fee: Payshap Payment",-7,,6004,"Bank Charges",2027,April 2026
2026-04-17,"JNL-14: MFC instalment 2026-04-17 - interest portion (loan amortization)",-9282.91,,2102,"MFC Vehicle Finance - Isuzu",2027,JNL-14
2026-04-17,"JNL-14: MFC instalment 2026-04-17 - interest portion (loan amortization)",9282.91,,6030,"Finance Charges - Vehicle Loan",2027,JNL-14
2026-04-18,"Fee: Payment Confirm - SMS (Mr RT Johnson)",-1.2,,6022,"Director's Remuneration",2027,April 2026
2026-04-18,"Cheque Card Purchase - C*BP Wynland",-500,,6011,"Motor Vehicle Expenses",2027,April 2026
2026-04-18,"Cheque Card Purchase - FLM Paarl",-613.05,,1702,"Director's Loan Account",2027,April 2026
2026-04-18,"Cheque Card Purchase - C*Antonios Enterprises",-2381,,1702,"Director's Loan Account",2027,April 2026
2026-04-18,"Fee - Electronic Account Payment",-6.1,,6004,"Bank Charges",2027,April 2026
2026-04-18,"IB Payment To Mr RT Johnson",-500,,6022,"Director's Remuneration",2027,April 2026
2026-04-20,"Cheque Card Purchase - Specsavers Paarl",-1500,,1702,"Director's Loan Account",2027,April 2026
2026-04-20,"Cheque Card Purchase - Furball Pet Store",-150,,1702,"Director's Loan Account",2027,April 2026
2026-04-20,"Cheque Card Purchase - C*BP Wynland",-500,,6011,"Motor Vehicle Expenses",2027,April 2026
2026-04-20,"Other Bank ATM Cash Withdrawal",-400,,1702,"Director's Loan Account",2027,April 2026
2026-04-20,"Cash Withdrawal Fee",-11.2,,6004,"Bank Charges",2027,April 2026
2026-04-20,"Cheque Card Purchase - Ultra Liquor",-224.99,,1702,"Director's Loan Account",2027,April 2026
2026-04-21,"Cheque Card Purchase - Liquorshop",-563.38,,1702,"Director's Loan Account",2027,April 2026
2026-04-21,"Cheque Card Purchase - Gecko Lounge",-1030,,1702,"Director's Loan Account",2027,April 2026
2026-04-21,"Cheque Card Purchase - S2S*Safwansup",-150,,1702,"Director's Loan Account",2027,April 2026
2026-04-21,"Electricity Purchase",-100,,6020,"Utilities",2027,April 2026
2026-04-21,"Fee: Electricity Purchase",-1.6,,6020,"Utilities",2027,April 2026
2026-04-21,"Cheque Card Purchase - Gecko Lounge",-500,,1702,"Director's Loan Account",2027,April 2026
2026-04-21,"Cheque Card Purchase - Hpy*Arfan Shop",-27,,1702,"Director's Loan Account",2027,April 2026
2026-04-21,"Cheque Card Purchase - Ultra Liquor",-425.98,,1702,"Director's Loan Account",2027,April 2026
2026-04-22,"Cheque Card Purchase - Masterparts",-464.27,,5001,"Cost of Goods Sold",2027,April 2026
2026-04-22,"Credit Transfer - Three Streams Smokehouse",1600.8,,4001,"Sales / Revenue",2027,April 2026
2026-04-22,"IB Payment From Medfood Pty Ltd",1661.75,,4001,"Sales / Revenue",2027,April 2026
2026-04-22,"Cheque Card Purchase - Spar Express",-74.49,,1702,"Director's Loan Account",2027,April 2026
2026-04-22,"Value Unload From Virtual Card",8000,,1702,"Director's Loan Account",2027,April 2026
2026-04-23,"Cheque Card Purchase - Shell Gelderblom",-100,,6011,"Motor Vehicle Expenses",2027,April 2026
2026-04-23,"Fee: Payment Confirm - SMS (Mrs M Johnson)",-1.2,,6022,"Director's Remuneration",2027,April 2026
2026-04-23,"Cheque Card Purchase - C*BP Wynland",-500,,6011,"Motor Vehicle Expenses",2027,April 2026
2026-04-23,"Immediate Payment - Mrs M Johnson",-3500,,6022,"Director's Remuneration",2027,April 2026
2026-04-23,"Cheque Card Purchase - Superspar Paarl",-253.21,,1702,"Director's Loan Account",2027,April 2026
2026-04-23,"Cheque Card Purchase - C*BP Wynland",-500,,6011,"Motor Vehicle Expenses",2027,April 2026
2026-04-23,"Cheque Card Purchase - Spar Express",-241.47,,1702,"Director's Loan Account",2027,April 2026
2026-04-23,"Fee Immediate Payment",-45,,6004,"Bank Charges",2027,April 2026
2026-04-24,"Cheque Card Purchase - JR Trailers",-200,,1702,"Director's Loan Account",2027,April 2026
2026-04-24,"Cash Withdrawal Fee",-56,,6004,"Bank Charges",2027,April 2026
2026-04-24,"Fee: Payshap Payment",-7,,6004,"Bank Charges",2027,April 2026
2026-04-24,"Payshap Payment To Mummie",-500,,1702,"Director's Loan Account",2027,April 2026
2026-04-24,"Fee: Payment Confirm - SMS (Nicoleen)",-1.2,,6004,"Bank Charges",2027,April 2026
2026-04-24,"Fee: Payment Confirm - SMS (Zedine)",-1.2,,6022,"Director's Remuneration",2027,April 2026
2026-04-24,"Cheque Card Purchase - Kaap Agri Paarl",-134.99,,1702,"Director's Loan Account",2027,April 2026
2026-04-24,"Payshap Payment To Sekkie",-550,,6022,"Director's Remuneration",2027,April 2026
2026-04-24,"Fee: Payshap Payment",-7,,6004,"Bank Charges",2027,April 2026
2026-04-24,"Autobank Cash Withdrawal",-2000,,1702,"Director's Loan Account",2027,April 2026
2026-04-24,"Credit Transfer - Cashfocus Agrimark",1972.25,,4001,"Sales / Revenue",2027,April 2026
2026-04-24,"Cheque Card Purchase - Drakenstein Municipal",-500,,6020,"Utilities",2027,April 2026
2026-04-25,"Cash Withdrawal Fee",-5.6,,6004,"Bank Charges",2027,April 2026
2026-04-25,"Cheque Card Purchase - Build It Boland",-479.99,,1702,"Director's Loan Account",2027,April 2026
2026-04-25,"Autobank Cash Withdrawal",-200,,1702,"Director's Loan Account",2027,April 2026
2026-04-25,"Cheque Card Purchase - Tops Paarl",-279.99,,1702,"Director's Loan Account",2027,April 2026
2026-04-25,"Cheque Card Purchase - Slagerij Van",-253.95,,1702,"Director's Loan Account",2027,April 2026
2026-04-25,"Cheque Card Purchase - Masterparts",-322.77,,5001,"Cost of Goods Sold",2027,April 2026
2026-04-25,"Credit Life Protection",-122.59,,6008,"Insurance",2027,April 2026
2026-04-25,"Payshap Payment From Mandy Johnson",4000,,6022,"Director's Remuneration",2027,April 2026
2026-04-25,"Overdraft Interest",-575.85,,6004,"Bank Charges",2027,April 2026
2026-04-28,"Cheque Card Purchase - Engen Drakenstein",-100,,6011,"Motor Vehicle Expenses",2027,April 2026
2026-04-28,"Fee: Payshap Payment",-7,,6004,"Bank Charges",2027,April 2026
2026-04-28,"Payshap Payment To OK",-750,,1702,"Director's Loan Account",2027,April 2026
2026-04-28,"Cheque Card Purchase - Build It Boland",-219.98,,1702,"Director's Loan Account",2027,April 2026
2026-04-28,"Fee: Payshap Payment",-7,,6004,"Bank Charges",2027,April 2026
2026-04-28,"Payshap Payment To Mandy",-1400,,6022,"Director's Remuneration",2027,April 2026
2026-04-28,"Fee: Payment Confirm - SMS (Mrs M Johnson)",-1.2,,6022,"Director's Remuneration",2027,April 2026
2026-04-28,"Cheque Card Purchase - CTM Paarl",-292.6,,1702,"Director's Loan Account",2027,April 2026
2026-04-29,"Cheque Card Purchase - JR Trailers",-250,,1702,"Director's Loan Account",2027,April 2026
2026-04-29,"Credit Transfer - Cashfocus Agrimark",5854.66,,4001,"Sales / Revenue",2027,April 2026
2026-04-29,"Cheque Card Purchase - Boland Hair Studio",-190,,1702,"Director's Loan Account",2027,April 2026
2026-04-29,"Cheque Card Purchase - C*BP Paarl",-500,,6011,"Motor Vehicle Expenses",2027,April 2026
2026-04-29,"Cheque Card Purchase - KFC Paarl",-169.9,,1702,"Director's Loan Account",2027,April 2026
2026-04-29,"Cheque Card Purchase - Build It Boland",-345,,1702,"Director's Loan Account",2027,April 2026
2026-04-29,"Magtape Credit - KVB Inv 3060",9723.25,,4001,"Sales / Revenue",2027,April 2026
2026-04-29,"Cheque Card Purchase - CTM Paarl",-150.8,,1702,"Director's Loan Account",2027,April 2026
2026-04-29,"Cheque Card Purchase - Build It Boland",-69,,1702,"Director's Loan Account",2027,April 2026
2026-04-29,"Cheque Card Purchase - S2S*Planetsup",-75,,1702,"Director's Loan Account",2027,April 2026
2026-04-29,"Cheque Card Purchase - Slagerij Van",-2426.45,,1702,"Director's Loan Account",2027,April 2026
2026-04-29,"Cheque Card Purchase - AA Hardware",-40,,1702,"Director's Loan Account",2027,April 2026
2026-04-30,"Registered DC Debit - Dotsure",-399,,6008,"Insurance",2027,April 2026
2026-04-30,"Fee-Unpaid Item",-25,,6004,"Bank Charges",2027,April 2026
2026-04-30,"Cheque Card Purchase - Ultra Liquor",-1384.88,,1702,"Director's Loan Account",2027,April 2026
2026-04-30,"Fee-Unpaid Item",-25,,6004,"Bank Charges",2027,April 2026
2026-04-30,"Fee - Debit Order",-4,,6004,"Bank Charges",2027,April 2026
2026-04-30,"Credit Transfer - Yagdan Manufacturing",3289,,4001,"Sales / Revenue",2027,April 2026
2026-04-30,"Cheque Card Purchase - Spar Victoria",-131.59,,1702,"Director's Loan Account",2027,April 2026
2026-04-30,"Debit Transfer - SA Home Loans",-7109,,1702,"Director's Loan Account",2027,April 2026
2026-04-30,"Fee: Payment Confirm - Email (TVH Parts SA)",-0.8,,5001,"Cost of Goods Sold",2027,April 2026
2026-04-30,"Payshap Payment To Sekkie",-300,,6022,"Director's Remuneration",2027,April 2026
2026-04-30,"Fee - Debit Order",-4,,6004,"Bank Charges",2027,April 2026
2026-04-30,"RTD-Not Provided For - SA Home Loans",7526.72,,1702,"Director's Loan Account",2027,April 2026
2026-04-30,"Insurance Premium - Santam",-945.73,,6008,"Insurance",2027,April 2026
2026-04-30,"IB Payment From Reeve",2000,,4001,"Sales / Revenue",2027,April 2026
2026-04-30,"RTD-Not Provided For - SA Home Loans",7109,,1702,"Director's Loan Account",2027,April 2026
2026-04-30,"Fee: MyUpdates For Business",-54.45,,6004,"Bank Charges",2027,April 2026
2026-04-30,"Overdraft Service Fee",-99,,6004,"Bank Charges",2027,April 2026
2026-04-30,"Insurance Premium - Omistinsurpom",-2034.14,,6008,"Insurance",2027,April 2026
2026-04-30,"Cheque Card Purchase - OK Minimark",-161.72,,1702,"Director's Loan Account",2027,April 2026
2026-04-30,"Value Loaded To Virtual Card",-4000,,1702,"Director's Loan Account",2027,April 2026
2026-04-30,"Immediate Payment - TVH Parts SA",-5520.7,,5001,"Cost of Goods Sold",2027,April 2026
2026-04-30,"Fee - Debit Order",-4,,6004,"Bank Charges",2027,April 2026
2026-04-30,"Debit Transfer - SA Home Loans",-7526.72,,1702,"Director's Loan Account",2027,April 2026
2026-04-30,"Cheque Card Purchase - VPS*Bhyan General",-50,,1702,"Director's Loan Account",2027,April 2026
2026-04-30,"Fee - Debit Order",-4,,6004,"Bank Charges",2027,April 2026
2026-04-30,"Telephone Account - Telkom Mobile",-723.09,,6018,"Telephone",2027,April 2026
2026-04-30,"Fee: Payment Confirm - Email (TVH Parts SA)",-0.8,,5001,"Cost of Goods Sold",2027,April 2026
2026-04-30,"Fee - Debit Order",-4,,6004,"Bank Charges",2027,April 2026
2026-04-30,"Cheque Card Purchase - OK Minimark",-44.28,,1702,"Director's Loan Account",2027,April 2026
2026-04-30,"Fee: Payment Confirm - SMS (Zedine)",-1.2,,6022,"Director's Remuneration",2027,April 2026
2026-04-30,"Fee: Unused Facility",-12.71,,6004,"Bank Charges",2027,April 2026
2026-04-30,"Cheque Card Purchase - VPS*Bhyan General",-135,,1702,"Director's Loan Account",2027,April 2026
2026-04-30,"Monthly Management Fee",-15,,6004,"Bank Charges",2027,April 2026
2026-04-30,"Fee Immediate Payment",-45,,6004,"Bank Charges",2027,April 2026
2026-04-30,"Fee: Payshap Payment",-7,,6004,"Bank Charges",2027,April 2026
2026-04-30,"Cheque Card Purchase - Huguenot Tap",-54.5,,6025,"Toll Gate Fees",2027,April 2026
2026-04-30,"Fee - Debit Order",-4,,6004,"Bank Charges",2027,April 2026
2026-04-30,"Cheque Card Purchase - C*BP Paarl",-500,,6011,"Motor Vehicle Expenses",2027,April 2026
2026-04-30,"Value Loaded To Virtual Card",-5000,,1702,"Director's Loan Account",2027,April 2026
2026-05-02,"Fee - Debit Order",-4,,6004,"Bank Charges",2027,May 2026
2026-05-02,"Fee - Electronic Account Payment",-6.1,,6004,"Bank Charges",2027,May 2026
2026-05-02,"Fee - Debit Order",-4,,6004,"Bank Charges",2027,May 2026
2026-05-02,"Payshap Payment To Mandy",-200,,6022,"Director's Remuneration",2027,May 2026
2026-05-02,"RTD-Authorisation Cancelled - Santam",945.73,,6008,"Insurance",2027,May 2026
2026-05-02,"Cheque Card Purchase - Engen De Doorns",-250,,6011,"Motor Vehicle Expenses",2027,May 2026
2026-05-02,"RTD-Not Provided For - Absa Insurance",831.89,,6008,"Insurance",2027,May 2026
2026-05-02,"Fee: Disputed Debit Order",-10,,6004,"Bank Charges",2027,May 2026
2026-05-02,"Cheque Card Purchase - Huguenot Tap",-54.5,,6025,"Toll Gate Fees",2027,May 2026
2026-05-02,"IB Payment To C Pheiffer Corinna",-300,,1702,"Director's Loan Account",2027,May 2026
2026-05-02,"Fee: Payment Confirm - SMS (Mrs M Johnson)",-1.2,,6022,"Director's Remuneration",2027,May 2026
2026-05-02,"Fee-Stop Payment",-2,,6004,"Bank Charges",2027,May 2026
2026-05-02,"Value Unload From Virtual Card",1000,,1702,"Director's Loan Account",2027,May 2026
2026-05-02,"Fee: Payshap Payment",-7,,6004,"Bank Charges",2027,May 2026
2026-05-02,"Debit Transfer - Pacrs Debit Johnson",-499.68,,1702,"Director's Loan Account",2027,May 2026
2026-05-02,"Fee-Unpaid Item",-25,,6004,"Bank Charges",2027,May 2026
2026-05-02,"Debit Transfer - Absa Insurance",-831.89,,6008,"Insurance",2027,May 2026
2026-05-04,"Value Unload From Virtual Card",2000,,1702,"Director's Loan Account",2027,May 2026
2026-05-04,"Cheque Card Purchase - Air Lounge",-302,,1702,"Director's Loan Account",2027,May 2026
2026-05-04,"Cheque Card Purchase - C*BP Wynland",-85,,6011,"Motor Vehicle Expenses",2027,May 2026
2026-05-04,"IB Payment To Haygan Johnson",-200,,6022,"Director's Remuneration",2027,May 2026
2026-05-04,"Cheque Card Purchase - C*BP Paarl",-500,,6011,"Motor Vehicle Expenses",2027,May 2026
2026-05-04,"Value Unload From Virtual Card",3000,,1702,"Director's Loan Account",2027,May 2026
2026-05-04,"Cash Withdrawal Fee",-11.2,,6004,"Bank Charges",2027,May 2026
2026-05-04,"Fee - Electronic Account Payment",-6.1,,6004,"Bank Charges",2027,May 2026
2026-05-04,"Autobank Cash Withdrawal",-400,,1702,"Director's Loan Account",2027,May 2026
2026-05-04,"Fee: Payment Confirm - SMS (Haygan Johnson)",-1.2,,6022,"Director's Remuneration",2027,May 2026
2026-05-05,"Cheque Card Purchase - Ultra Liquor",-209.99,,1702,"Director's Loan Account",2027,May 2026
2026-05-05,"Value Unload From Virtual Card",1300,,1702,"Director's Loan Account",2027,May 2026
2026-05-05,"Cheque Card Purchase - C*Filco Parts",-32.78,,5001,"Cost of Goods Sold",2027,May 2026
2026-05-05,"Credit Transfer - Yagdan Manufacturing",50000,,4001,"Sales / Revenue",2027,May 2026
2026-05-05,"Cheque Card Purchase - Ultra Liquor",-224.99,,1702,"Director's Loan Account",2027,May 2026
2026-05-05,"Cheque Card Purchase - AE Dalvale",-500,,1702,"Director's Loan Account",2027,May 2026
2026-05-05,"Cheque Card Purchase - Superspar Paarl",-123.49,,1702,"Director's Loan Account",2027,May 2026
2026-05-06,"Cheque Card Purchase - As Family Store",-951.15,,1702,"Director's Loan Account",2027,May 2026
2026-05-06,"Fee - Electronic Account Payment",-6.1,,6004,"Bank Charges",2027,May 2026
2026-05-06,"Cheque Card Purchase - Drakenstein Municipal",-2216.38,,6020,"Utilities",2027,May 2026
2026-05-06,"Fee - Electronic Account Payment",-6.1,,6004,"Bank Charges",2027,May 2026
2026-05-06,"IB Payment To Sunbrite Forklifts Agri Hermon",-5054.25,,5001,"Cost of Goods Sold",2027,May 2026
2026-05-06,"IB Payment To Haygan Johnson",-200,,6022,"Director's Remuneration",2027,May 2026
2026-05-06,"Fee - Electronic Account Payment",-6.1,,6004,"Bank Charges",2027,May 2026
2026-05-06,"IB Payment To Paarl Tow In",-4200,,1702,"Director's Loan Account",2027,May 2026
2026-05-06,"Cheque Card Purchase - Hpy*Arfan Shop",-87,,1702,"Director's Loan Account",2027,May 2026
2026-05-06,"Fee - Electronic Account Payment",-6.1,,6004,"Bank Charges",2027,May 2026
2026-05-06,"Fee: Payment Confirm - SMS (Sunbrite Forklifts)",-1.2,,5001,"Cost of Goods Sold",2027,May 2026
2026-05-06,"Fee: Payment Confirm - SMS (Haygan Johnson)",-1.2,,6022,"Director's Remuneration",2027,May 2026
2026-05-06,"Cheque Card Purchase - Cash Crusader",-1399.9,,1702,"Director's Loan Account",2027,May 2026
2026-05-06,"IB Payment To Midas Part Center",-3417.1,,5001,"Cost of Goods Sold",2027,May 2026
2026-05-06,"IB Payment To TVH Parts SA",-3814.35,,5001,"Cost of Goods Sold",2027,May 2026
2026-05-06,"Fee - Electronic Account Payment",-6.1,,6004,"Bank Charges",2027,May 2026
2026-05-06,"JNL-15: MFC instalment 2026-05-06 - interest portion (loan amortization)",9226.53,,6030,"Finance Charges - Vehicle Loan",2027,JNL-15
2026-05-06,"JNL-15: MFC instalment 2026-05-06 - interest portion (loan amortization)",-9226.53,,2102,"MFC Vehicle Finance - Isuzu",2027,JNL-15
2026-05-06,"Fee: Payment Confirm - SMS (Paarl Tow In)",-1.2,,6004,"Bank Charges",2027,May 2026
2026-05-06,"Cheque Card Purchase - Drakenstein Municipal",-300,,6020,"Utilities",2027,May 2026
2026-05-06,"Fee: Payment Confirm - Email (TVH Parts SA)",-0.8,,5001,"Cost of Goods Sold",2027,May 2026
2026-05-06,"Fee - Electronic Account Payment",-6.1,,6004,"Bank Charges",2027,May 2026
2026-05-06,"Registered DC Debit - Nedabf/MFC",-13262.95,,2102,"MFC Vehicle Finance - Isuzu",2027,May 2026
2026-05-06,"Fee - Debit Order",-4,,6004,"Bank Charges",2027,May 2026
2026-05-06,"IB Payment To SA Home Loans Trust Bond",-7200,,1702,"Director's Loan Account",2027,May 2026
2026-05-07,"Cheque Card Purchase - C*BP Pinehurst",-850,,1702,"Director's Loan Account",2027,May 2026
2026-05-07,"Cheque Card Purchase - Pharmacy At Spar",-72.48,,1702,"Director's Loan Account",2027,May 2026
2026-05-07,"Cash Withdrawal Fee",-14,,6004,"Bank Charges",2027,May 2026
2026-05-07,"Cheque Card Purchase - C*Altenergy",-345,,1702,"Director's Loan Account",2027,May 2026
2026-05-07,"Cheque Card Purchase - Engen Drakenstein",-300,,6011,"Motor Vehicle Expenses",2027,May 2026
2026-05-07,"Autobank Cash Withdrawal",-500,,1702,"Director's Loan Account",2027,May 2026
2026-05-07,"Credit Transfer - C-Pack Corrugated",40566.25,,4001,"Sales / Revenue",2027,May 2026
2026-05-07,"Cheque Card Purchase - C*OK Paarl",-120.65,,1702,"Director's Loan Account",2027,May 2026
2026-05-07,"Cheque Card Purchase - C*OK Paarl",-219.99,,1702,"Director's Loan Account",2027,May 2026
2026-05-08,"Fee: Payshap Payment",-7,,6004,"Bank Charges",2027,May 2026
2026-05-08,"Fee: Payshap Payment",-7,,6004,"Bank Charges",2027,May 2026
2026-05-08,"Fee: Payment Confirm - SMS (Mrs M Johnson)",-1.2,,6022,"Director's Remuneration",2027,May 2026
2026-05-08,"Autobank Cash Withdrawal",-1500,,1702,"Director's Loan Account",2027,May 2026
2026-05-08,"Fee: Payment Confirm - Email (Nedbank Credit Card)",-0.8,,5001,"Cost of Goods Sold",2027,May 2026
2026-05-08,"Fee: Payment Confirm - SMS (Zedine)",-1.2,,6022,"Director's Remuneration",2027,May 2026
2026-05-08,"Fee - Electronic Account Payment",-6.1,,6004,"Bank Charges",2027,May 2026
2026-05-08,"Fee - Electronic Account Payment",-6.1,,6004,"Bank Charges",2027,May 2026
2026-05-08,"IB Payment To AJohnson Personal Loan",-4500,,1702,"Director's Loan Account",2027,May 2026
2026-05-08,"Fee: Payment Confirm - SMS (Mr LI Abrahams)",-1.2,,6022,"Director's Remuneration",2027,May 2026
2026-05-08,"Cellphone Instant Money Cash To",-1600,,6004,"Bank Charges",2027,May 2026
2026-05-08,"IB Payment To Dawoo Tyres",-3400,,5001,"Cost of Goods Sold",2027,May 2026
2026-05-08,"Magtape Credit - Kampwater",2323,,4001,"Sales / Revenue",2027,May 2026
2026-05-08,"Fee Immediate Payment",-45,,6004,"Bank Charges",2027,May 2026
2026-05-08,"Cheque Card Purchase - Superspar Paarl",-130.38,,1702,"Director's Loan Account",2027,May 2026
2026-05-08,"Cheque Card Purchase - Hpy*Archies",-87,,1702,"Director's Loan Account",2027,May 2026
2026-05-08,"Immediate Payment - A H Johnson",-5000,,6022,"Director's Remuneration",2027,May 2026
2026-05-08,"Fee: Payment Confirm - SMS (Mr Zunaid Khan)",-1.2,,6004,"Bank Charges",2027,May 2026
2026-05-08,"Payshap Payment To Mandy",-2000,,6022,"Director's Remuneration",2027,May 2026
2026-05-08,"Fee - Instant Money",-30,,6004,"Bank Charges",2027,May 2026
2026-05-08,"Cash Withdrawal Fee",-42,,6004,"Bank Charges",2027,May 2026
2026-05-08,"Cheque Card Purchase - TCG Paarl Industrial",-1062,,5001,"Cost of Goods Sold",2027,May 2026
2026-05-08,"Fee: Payment Confirm - SMS (A H Johnson)",-1.2,,6022,"Director's Remuneration",2027,May 2026
2026-05-08,"Fee: Payshap Payment",-45,,6004,"Bank Charges",2027,May 2026
2026-05-08,"IB Payment To Nedbank Credit Card",-5000,,5001,"Cost of Goods Sold",2027,May 2026
2026-05-08,"Credit Transfer - Lamara 2 Rivers Statement",6043.25,,4001,"Sales / Revenue",2027,May 2026
2026-05-08,"Payshap Payment To Look",-1500,,6022,"Director's Remuneration",2027,May 2026
2026-05-08,"Fee - Electronic Account Payment",-6.1,,6004,"Bank Charges",2027,May 2026
2026-05-08,"Payshap Payment To Sekkie",-600,,6022,"Director's Remuneration",2027,May 2026
2026-05-09,"Cheque Card Purchase - The Gas Mart",-721.5,,1702,"Director's Loan Account",2027,May 2026
2026-05-09,"Cheque Card Purchase - Autokolor Paarl",-943,,5001,"Cost of Goods Sold",2027,May 2026
2026-05-09,"Cheque Card Purchase - C*OK Paarl",-421.47,,1702,"Director's Loan Account",2027,May 2026
2026-05-09,"Cheque Card Purchase - OK Mini Mark",-76.53,,1702,"Director's Loan Account",2027,May 2026
2026-05-09,"Cheque Card Purchase - Mettes Auto",-316.5,,5001,"Cost of Goods Sold",2027,May 2026
2026-05-09,"Cheque Card Purchase - C*Diesel Electrical",-189,,5001,"Cost of Goods Sold",2027,May 2026
2026-05-09,"Cheque Card Purchase - Superspar Paarl",-193.19,,1702,"Director's Loan Account",2027,May 2026
2026-05-11,"Cheque Card Purchase - C*BP Paarl",-600,,6011,"Motor Vehicle Expenses",2027,May 2026
2026-05-11,"Cheque Card Purchase - Game Paarl",-340,,1702,"Director's Loan Account",2027,May 2026
2026-05-11,"Cheque Card Purchase - C*Cellars Paarl",-290,,1702,"Director's Loan Account",2027,May 2026
2026-05-11,"IB Payment To Haygan Johnson",-1050,,6022,"Director's Remuneration",2027,May 2026
2026-05-11,"Cheque Card Purchase - Cellars",-150,,1702,"Director's Loan Account",2027,May 2026
2026-05-11,"Fee: Payment Confirm - SMS (Haygan Johnson)",-1.2,,6022,"Director's Remuneration",2027,May 2026
2026-05-11,"Cheque Card Purchase - Expressmark",-270,,1702,"Director's Loan Account",2027,May 2026
2026-05-11,"Fee: Electricity Purchase",-1.6,,6020,"Utilities",2027,May 2026
2026-05-11,"Cheque Card Purchase - Agrimark Franschhoek",-149.48,,1702,"Director's Loan Account",2027,May 2026
2026-05-11,"Cheque Card Purchase - C*Cellars Paarl",-275,,1702,"Director's Loan Account",2027,May 2026
2026-05-11,"Cheque Card Purchase - KFC Paarl",-160.8,,1702,"Director's Loan Account",2027,May 2026
2026-05-11,"Fee - Electronic Account Payment",-6.1,,6004,"Bank Charges",2027,May 2026
2026-05-11,"Electricity Purchase",-200,,6020,"Utilities",2027,May 2026
2026-05-11,"Cheque Card Purchase - C*Cellars Paarl",-1000,,1702,"Director's Loan Account",2027,May 2026
2026-05-11,"Cheque Card Purchase - One Up Wholesalers",-373,,1702,"Director's Loan Account",2027,May 2026
2026-05-12,"Cheque Card Purchase - C*Die Visfabriek",-124.4,,1702,"Director's Loan Account",2027,May 2026
2026-05-12,"Cheque Card Purchase - CC Fresh X Op",-552.54,,1702,"Director's Loan Account",2027,May 2026
2026-05-12,"Real Time Transfer From Inv3065",3846.75,,4001,"Sales / Revenue",2027,May 2026
2026-05-12,"Cheque Card Purchase - C*Cellars Paarl",-205,,1702,"Director's Loan Account",2027,May 2026
2026-05-12,"Cheque Card Purchase - Abels Liquors",-649,,1702,"Director's Loan Account",2027,May 2026
2026-05-13,"Cheque Card Purchase - BP Paarl",-600,,6011,"Motor Vehicle Expenses",2027,May 2026
2026-05-13,"Magtape Credit - Ashu",4782,,4001,"Sales / Revenue",2027,May 2026
2026-05-13,"Cheque Card Purchase - Hpy*Arfan Shop",-142,,1702,"Director's Loan Account",2027,May 2026
2026-05-13,"Cheque Card Purchase - Mercedes Benz",-2185,,5001,"Cost of Goods Sold",2027,May 2026
2026-05-14,"Cheque Card Purchase - Specsavers Paarl",-1238.92,,1702,"Director's Loan Account",2027,May 2026
2026-05-14,"Cheque Card Purchase - Pep Paarl",-541.47,,1702,"Director's Loan Account",2027,May 2026
2026-05-14,"Cheque Card Purchase - PnP Crp Paarl",-141.39,,1702,"Director's Loan Account",2027,May 2026
2026-05-14,"Cheque Card Purchase - PnP Crp Paarl",-387.77,,1702,"Director's Loan Account",2027,May 2026
2026-05-14,"Cheque Card Purchase - FLM Paarl",-150.58,,1702,"Director's Loan Account",2027,May 2026
2026-05-14,"Cheque Card Purchase - Pep Paarl",-16.99,,1702,"Director's Loan Account",2027,May 2026
2026-05-14,"Cheque Card Purchase - Markham Paarl",-880,,1702,"Director's Loan Account",2027,May 2026
2026-05-15,"Payshap Payment To Look",-600,,6022,"Director's Remuneration",2027,May 2026
2026-05-15,"Fee: Payshap Payment",-7,,6004,"Bank Charges",2027,May 2026
2026-05-15,"Fee: Payment Confirm - SMS (Mr LI Abrahams)",-1.2,,6022,"Director's Remuneration",2027,May 2026
2026-05-16,"Cheque Card Purchase - BP Paarl",-800,,6011,"Motor Vehicle Expenses",2027,May 2026
2026-05-16,"Cheque Card Purchase - Engen 1Stop",-365,,6011,"Motor Vehicle Expenses",2027,May 2026
2026-05-16,"Cheque Card Purchase - C*Filco Parts",-272.63,,5001,"Cost of Goods Sold",2027,May 2026
2026-05-16,"Cheque Card Purchase - Coastal Hire",-200,,6027,"Small Equipment",2027,May 2026
2026-05-18,"Fee - Electronic Account Payment",-6.1,,6004,"Bank Charges",2027,May 2026
2026-05-18,"IB Payment To Haygan Johnson",-500,,6022,"Director's Remuneration",2027,May 2026
2026-05-18,"Cheque Card Purchase - Autokolor Paarl",-359.35,,5001,"Cost of Goods Sold",2027,May 2026
2026-05-18,"Electricity Purchase",-200,,6020,"Utilities",2027,May 2026
2026-05-18,"Fee: Electricity Purchase",-1.6,,6020,"Utilities",2027,May 2026
2026-05-18,"Cheque Card Purchase - The Boer And Grill",-621.23,,1702,"Director's Loan Account",2027,May 2026
2026-05-18,"Cheque Card Purchase - Superspar Paarl",-439.68,,1702,"Director's Loan Account",2027,May 2026
2026-05-18,"Cheque Card Purchase - Ultra Liquor",-419.98,,1702,"Director's Loan Account",2027,May 2026
2026-05-18,"Cheque Card Purchase - Century City",-50,,1702,"Director's Loan Account",2027,May 2026
2026-05-18,"Fee: Payment Confirm - SMS (Haygan Johnson)",-1.2,,6022,"Director's Remuneration",2027,May 2026
2026-05-19,"IB Payment To Sunbrite Forklifts Starter",-3565,,5001,"Cost of Goods Sold",2027,May 2026
2026-05-19,"Cheque Card Purchase - Ultra Liquor",-410.98,,1702,"Director's Loan Account",2027,May 2026
2026-05-19,"Fee - Electronic Account Payment",-6.1,,6004,"Bank Charges",2027,May 2026
2026-05-19,"IB Payment From Quality Food Basket",2858.33,,4001,"Sales / Revenue",2027,May 2026
2026-05-19,"Cheque Card Purchase - Huguenot Tap",-54.5,,6025,"Toll Gate Fees",2027,May 2026
2026-05-19,"Cheque Card Purchase - Centrepoint",-110.98,,1702,"Director's Loan Account",2027,May 2026
2026-05-19,"Cheque Card Purchase - C*Cellars Paarl",-65,,1702,"Director's Loan Account",2027,May 2026
2026-05-19,"Cheque Card Purchase - Air Lounge",-202,,1702,"Director's Loan Account",2027,May 2026
2026-05-19,"Fee: Payment Confirm - SMS (Sunbrite Forklifts)",-1.2,,5001,"Cost of Goods Sold",2027,May 2026
2026-05-19,"Cheque Card Purchase - Superspar Paarl",-156.68,,1702,"Director's Loan Account",2027,May 2026
2026-05-19,"Cheque Card Purchase - Air Lounge",-56,,1702,"Director's Loan Account",2027,May 2026
2026-05-20,"Cheque Card Purchase - PnP Fam Fransch",-79.98,,1702,"Director's Loan Account",2027,May 2026
2026-05-20,"Cheque Card Purchase - Build It Boland",-363.99,,1702,"Director's Loan Account",2027,May 2026
2026-05-20,"Cheque Card Purchase - Build It Boland",-919.94,,1702,"Director's Loan Account",2027,May 2026
2026-05-21,"Cheque Card Purchase - Goldwagen Paarl",-2075,,5001,"Cost of Goods Sold",2027,May 2026
2026-05-21,"Cheque Card Purchase - Engen Drakenstein",-271,,6011,"Motor Vehicle Expenses",2027,May 2026
2026-05-22,"Fee: Payshap Payment",-7,,6004,"Bank Charges",2027,May 2026
2026-05-22,"Cheque Card Purchase - C*BP Paarl",-600,,6011,"Motor Vehicle Expenses",2027,May 2026
2026-05-22,"Fee: Payment Confirm - SMS (Zedine)",-1.2,,6022,"Director's Remuneration",2027,May 2026
2026-05-22,"Fee: Payment Confirm - SMS (Mr LI Abrahams)",-1.2,,6022,"Director's Remuneration",2027,May 2026
2026-05-22,"Cheque Card Purchase - Superspar Paarl",-464.2,,1702,"Director's Loan Account",2027,May 2026
2026-05-22,"Other Bank ATM Cash Withdrawal",-300,,1702,"Director's Loan Account",2027,May 2026
2026-05-22,"Payshap Payment To Sekkie",-600,,6022,"Director's Remuneration",2027,May 2026
2026-05-22,"Cheque Card Purchase - Sac Trucks Paarl",-823.2,,5001,"Cost of Goods Sold",2027,May 2026
2026-05-22,"Fee: Payshap Payment",-7,,6004,"Bank Charges",2027,May 2026
2026-05-22,"Payshap Payment To Look",-1200,,6022,"Director's Remuneration",2027,May 2026
2026-05-22,"Cash Withdrawal Fee",-8.4,,6004,"Bank Charges",2027,May 2026
2026-05-22,"Fee: Electricity Purchase",-1.6,,6020,"Utilities",2027,May 2026
2026-05-22,"Electricity Purchase",-300,,6020,"Utilities",2027,May 2026
2026-05-23,"Fee - Electronic Account Payment",-6.1,,6004,"Bank Charges",2027,May 2026
2026-05-23,"Cheque Card Purchase - Drakenstein Municipal",-3102.4,,6020,"Utilities",2027,May 2026
2026-05-23,"Fee: Payment Confirm - SMS (Mr RT Johnson)",-1.2,,6022,"Director's Remuneration",2027,May 2026
2026-05-23,"Cheque Card Purchase - Ultra Liquor",-224.99,,1702,"Director's Loan Account",2027,May 2026
2026-05-23,"Cheque Card Purchase - Sac Trucks Paarl",-354.1,,5001,"Cost of Goods Sold",2027,May 2026
2026-05-23,"IB Payment To Mr RT Johnson",-300,,6022,"Director's Remuneration",2027,May 2026
2026-05-25,"Credit Life Protection",-163.2,,6008,"Insurance",2027,May 2026
2026-05-25,"Overdraft Interest",-481.06,,6004,"Bank Charges",2027,May 2026
2026-05-25,"Other Bank ATM Cash Withdrawal",-300,,1702,"Director's Loan Account",2027,May 2026
2026-05-25,"Cash Withdrawal Fee",-8.4,,6004,"Bank Charges",2027,May 2026
2026-05-25,"Cheque Card Purchase - The Boer And Grill",-422.89,,1702,"Director's Loan Account",2027,May 2026
2026-05-25,"Cheque Card Purchase - Pet And Pool",-289.95,,1702,"Director's Loan Account",2027,May 2026
2026-05-25,"IB Payment From Bothma Fencing",1589.88,,4001,"Sales / Revenue",2027,May 2026
2026-05-25,"Cheque Card Purchase - The Bike Shop",-560,,1702,"Director's Loan Account",2027,May 2026
2026-05-26,"Payshap Payment From F Carolissen",2000,,4001,"Sales / Revenue",2027,May 2026
2026-05-26,"Cheque Card Purchase - Air Lounge",-85,,1702,"Director's Loan Account",2027,May 2026
2026-05-26,"Cheque Card Purchase - Superspar Paarl",-422.74,,1702,"Director's Loan Account",2027,May 2026
2026-05-26,"Cheque Card Purchase - Air Lounge",-70,,1702,"Director's Loan Account",2027,May 2026
2026-05-26,"Cheque Card Purchase - Ultra Liquor",-459.97,,1702,"Director's Loan Account",2027,May 2026
2026-05-27,"Cheque Card Purchase - C*Diesel Electrical",-80.96,,5001,"Cost of Goods Sold",2027,May 2026
2026-05-27,"Cheque Card Purchase - Ultra Liquor",-224.99,,1702,"Director's Loan Account",2027,May 2026
2026-05-27,"Cheque Card Purchase - Prominent Paint",-160,,1702,"Director's Loan Account",2027,May 2026
2026-05-27,"Cheque Card Purchase - Masterparts",-402.25,,5001,"Cost of Goods Sold",2027,May 2026
2026-05-28,"Autobank Cash Withdrawal",-1000,,1702,"Director's Loan Account",2027,May 2026
2026-05-28,"Cheque Card Purchase - FLM Paarl",-1370.85,,1702,"Director's Loan Account",2027,May 2026
2026-05-28,"Cash Withdrawal Fee",-14,,6004,"Bank Charges",2027,May 2026
2026-05-28,"Other Bank ATM Cash Withdrawal",-500,,1702,"Director's Loan Account",2027,May 2026
2026-05-28,"Cheque Card Purchase - Masterparts",-459.05,,5001,"Cost of Goods Sold",2027,May 2026
2026-05-28,"Cheque Card Purchase - C*BP Wynland",-500,,6011,"Motor Vehicle Expenses",2027,May 2026
2026-05-28,"Cash Withdrawal Fee",-28,,6004,"Bank Charges",2027,May 2026
2026-05-29,"Cheque Card Purchase - EJS Sports",-670,,1702,"Director's Loan Account",2027,May 2026
2026-05-29,"Cheque Card Purchase - C*Diesel Electrical",-157.47,,5001,"Cost of Goods Sold",2027,May 2026
2026-05-29,"Debit Transfer - SA Home Loans",-7109,,1702,"Director's Loan Account",2027,May 2026
2026-05-29,"Payshap Payment From P Abrahams",750,,4001,"Sales / Revenue",2027,May 2026
2026-05-29,"Cash Withdrawal Fee",-42,,6004,"Bank Charges",2027,May 2026
2026-05-29,"Credit Transfer - Yagdan Manufacturing",2222.38,,4001,"Sales / Revenue",2027,May 2026
2026-05-29,"Autobank Cash Withdrawal",-1500,,1702,"Director's Loan Account",2027,May 2026
2026-05-29,"Fee-Unpaid Item",-25,,6004,"Bank Charges",2027,May 2026
2026-05-29,"Fee - Debit Order",-4,,6004,"Bank Charges",2027,May 2026
2026-05-29,"Cheque Card Purchase - EJS Sports",-300,,1702,"Director's Loan Account",2027,May 2026
2026-05-29,"RTD-Not Provided For - SA Home Loans",7109,,1702,"Director's Loan Account",2027,May 2026
2026-05-30,"Fee-Unpaid Item",-25,,6004,"Bank Charges",2027,May 2026
2026-05-30,"Registered DC Debit - Dotsure",-399,,6008,"Insurance",2027,May 2026
2026-05-30,"Fee: MyUpdates For Business",-73.35,,6004,"Bank Charges",2027,May 2026
2026-05-30,"Cheque Card Purchase - Tops Paarl",-300.78,,1702,"Director's Loan Account",2027,May 2026
2026-05-30,"Fee: Unused Facility",-18.58,,6004,"Bank Charges",2027,May 2026
2026-05-30,"Electricity Purchase",-300,,6020,"Utilities",2027,May 2026
2026-05-30,"Cheque Card Purchase - C*Diesel Electrical",-157.47,,5001,"Cost of Goods Sold",2027,May 2026
2026-05-30,"RTD-Not Provided For - Telkom",787.34,,1702,"Director's Loan Account",2027,May 2026
2026-05-30,"Fee: Electricity Purchase",-1.6,,6020,"Utilities",2027,May 2026
2026-05-30,"Cheque Card Purchase - Kilotreads Paarl",-350,,1702,"Director's Loan Account",2027,May 2026
2026-05-30,"Fee - Debit Order",-4,,6004,"Bank Charges",2027,May 2026
2026-05-30,"Insurance Premium - Omistinsurpom",-2034.14,,6008,"Insurance",2027,May 2026
2026-05-30,"Telephone Account - Telkom Mobile",-787.34,,6018,"Telephone",2027,May 2026
2026-05-30,"Overdraft Service Fee",-99,,6004,"Bank Charges",2027,May 2026
2026-05-30,"Fee - Debit Order",-4,,6004,"Bank Charges",2027,May 2026
2026-05-30,"Monthly Management Fee",-15,,6004,"Bank Charges",2027,May 2026
2026-05-30,"Fee - Debit Order",-4,,6004,"Bank Charges",2027,May 2026
2026-06-01,"Fee- POS Declined Insufficient Funds (OK Paarl)",-5,,1702,"Director's Loan Account",2027,June 2026
2026-06-01,"Value Unload From Virtual Card",1500,,1702,"Director's Loan Account",2027,June 2026
2026-06-01,"Cheque Card Purchase - C*Diesel Electrical",-123.17,,5001,"Cost of Goods Sold",2027,June 2026
2026-06-01,"Debit Transfer - Pacrs Debit Johnson",-499.68,,1702,"Director's Loan Account",2027,June 2026
2026-06-01,"Fee- POS Declined Insufficient Funds (OK Paarl)",-5,,1702,"Director's Loan Account",2027,June 2026
2026-06-01,"RTD-Not Provided For - SA Home Loans",7526.72,,1702,"Director's Loan Account",2027,June 2026
2026-06-01,"Debit Transfer - Absa Insurance",-1663.51,,6008,"Insurance",2027,June 2026
2026-06-01,"Fee-Unpaid Item",-25,,6004,"Bank Charges",2027,June 2026
2026-06-01,"Credit Transfer - Yagdan Manufacturing",20000,,4001,"Sales / Revenue",2027,June 2026
2026-06-01,"Fee - Debit Order",-4,,6004,"Bank Charges",2027,June 2026
2026-06-01,"Fee - Debit Order",-4,,6004,"Bank Charges",2027,June 2026
2026-06-01,"Fee - Debit Order",-4,,6004,"Bank Charges",2027,June 2026
2026-06-01,"Fee- POS Declined Insufficient Funds (OK Paarl)",-5,,1702,"Director's Loan Account",2027,June 2026
2026-06-01,"Debit Transfer - SA Home Loans",-7526.72,,1702,"Director's Loan Account",2027,June 2026
2026-06-02,"Cash Withdrawal Fee",-16.8,,6004,"Bank Charges",2027,June 2026
2026-06-02,"IB Payment From Reeve",2000,,4001,"Sales / Revenue",2027,June 2026
2026-06-02,"JNL-16: MFC instalment 2026-06-02 - interest portion (loan amortization)",-9169.01,,2102,"MFC Vehicle Finance - Isuzu",2027,JNL-16
2026-06-02,"Cheque Card Purchase - Boland Hair Studio",-200,,1702,"Director's Loan Account",2027,June 2026
2026-06-02,"Cheque Card Purchase - C*OK Paarl",-112.55,,1702,"Director's Loan Account",2027,June 2026
2026-06-02,"Autobank Cash Withdrawal",-600,,1702,"Director's Loan Account",2027,June 2026
2026-06-02,"JNL-16: MFC instalment 2026-06-02 - interest portion (loan amortization)",9169.01,,6030,"Finance Charges - Vehicle Loan",2027,JNL-16
2026-06-02,"Registered DC Debit - Nedabf/MFC",-13471.87,,2102,"MFC Vehicle Finance - Isuzu",2027,June 2026
2026-06-02,"Cheque Card Purchase - C*Die Visfabriek",-71.1,,1702,"Director's Loan Account",2027,June 2026
2026-06-02,"Fee - Debit Order",-4,,6004,"Bank Charges",2027,June 2026
2026-06-02,"Cheque Card Purchase - Bk Rembrandt",-155,,1702,"Director's Loan Account",2027,June 2026
2026-06-03,"Cheque Card Purchase - Build It Boland",-113.98,,1702,"Director's Loan Account",2027,June 2026
2026-06-03,"Fee-Stop Payment",-2,,6004,"Bank Charges",2027,June 2026
2026-06-03,"IB Payment From Reeve",600,,4001,"Sales / Revenue",2027,June 2026
2026-06-03,"Autobank Cash Withdrawal",-300,,1702,"Director's Loan Account",2027,June 2026
2026-06-03,"Credit Transfer - Yagdan Manufacturing",6467.55,,4001,"Sales / Revenue",2027,June 2026
2026-06-03,"Cash Withdrawal Fee",-8.4,,6004,"Bank Charges",2027,June 2026
2026-06-03,"Fee: Payshap Payment",-45,,6004,"Bank Charges",2027,June 2026
2026-06-03,"Cheque Card Purchase - Hpy*Arfan Shop",-126,,1702,"Director's Loan Account",2027,June 2026
2026-06-03,"Fee: Disputed Debit Order",-10,,6004,"Bank Charges",2027,June 2026
2026-06-03,"RTD-Authorisation Cancelled - Absa Insurance",1663.51,,6008,"Insurance",2027,June 2026
2026-06-03,"Cheque Card Purchase - Ultra Liquor",-224.99,,1702,"Director's Loan Account",2027,June 2026
2026-06-03,"Payshap Payment To Midas",-2450,,5001,"Cost of Goods Sold",2027,June 2026
2026-06-04,"IB Payment To Telkom",-787.34,,6018,"Telephone",2027,June 2026
2026-06-04,"Fee: Payment Confirm - SMS (Telkom)",-1.2,,6018,"Telephone",2027,June 2026
2026-06-04,"Cheque Card Purchase - Hpy*Arfan Shop",-42,,1702,"Director's Loan Account",2027,June 2026
2026-06-04,"Credit Transfer - Saturn Stainless Industries",2932.5,,4001,"Sales / Revenue",2027,June 2026
2026-06-04,"Fee - Electronic Account Payment",-6.1,,6004,"Bank Charges",2027,June 2026
2026-06-04,"Cheque Card Purchase - C*BP Paarl",-200,,6011,"Motor Vehicle Expenses",2027,June 2026
2026-06-05,"Fee: Payment Confirm - SMS (Mr LI Abrahams)",-1.2,,6022,"Director's Remuneration",2027,June 2026
2026-06-05,"Payshap Payment To Look",-1500,,6022,"Director's Remuneration",2027,June 2026
2026-06-05,"Payshap Payment To Sekkie",-600,,6022,"Director's Remuneration",2027,June 2026
2026-06-05,"Fee: Payshap Payment",-7,,6004,"Bank Charges",2027,June 2026
2026-06-05,"Fee: Payment Confirm - SMS (Zedine)",-1.2,,6022,"Director's Remuneration",2027,June 2026
2026-06-05,"Cheque Card Purchase - C*BP Wynland",-500,,6011,"Motor Vehicle Expenses",2027,June 2026
2026-06-05,"Fee: Payshap Payment",-7,,6004,"Bank Charges",2027,June 2026
2026-06-05,"Cash Withdrawal Fee",-28,,6004,"Bank Charges",2027,June 2026
2026-06-05,"Autobank Cash Withdrawal",-1000,,1702,"Director's Loan Account",2027,June 2026
2026-06-06,"Cheque Card Purchase - Superspar Paarl",-157.98,,1702,"Director's Loan Account",2027,June 2026
2026-06-06,"Cheque Card Purchase - The Gas Mart",-805,,1702,"Director's Loan Account",2027,June 2026
2026-06-06,"Cash Withdrawal Fee",-8.4,,6004,"Bank Charges",2027,June 2026
2026-06-06,"Autobank Cash Withdrawal",-300,,1702,"Director's Loan Account",2027,June 2026
2026-06-06,"Cheque Card Purchase - C*BP Wynland",-500,,6011,"Motor Vehicle Expenses",2027,June 2026
2026-06-06,"Cheque Card Purchase - Superspar Paarl",-117.27,,1702,"Director's Loan Account",2027,June 2026
2026-06-06,"Cheque Card Purchase - Hpy*Arfan Shop",-84,,1702,"Director's Loan Account",2027,June 2026
2026-06-08,"Other Bank ATM Cash Withdrawal",-100,,1702,"Director's Loan Account",2027,June 2026
2026-06-08,"Other Bank ATM Cash Withdrawal",-1000,,1702,"Director's Loan Account",2027,June 2026
2026-06-08,"Cheque Card Purchase - Superspar Paarl",-292.73,,1702,"Director's Loan Account",2027,June 2026
2026-06-08,"Fee - Electronic Account Payment",-6.1,,6004,"Bank Charges",2027,June 2026
2026-06-08,"Cash Withdrawal Fee",-28,,6004,"Bank Charges",2027,June 2026
2026-06-08,"Cheque Card Purchase - Skytech Brands",-240,,1702,"Director's Loan Account",2027,June 2026
2026-06-08,"IB Payment To Haygan Johnson",-320,,6022,"Director's Remuneration",2027,June 2026
2026-06-08,"Cheque Card Purchase - Bhyan General",-46,,1702,"Director's Loan Account",2027,June 2026
2026-06-08,"Fee: Payment Confirm - SMS (Haygan Johnson)",-1.2,,6022,"Director's Remuneration",2027,June 2026
2026-06-08,"Cash Withdrawal Fee",-2.8,,6004,"Bank Charges",2027,June 2026
2026-06-08,"Cash Withdrawal Fee",-28,,6004,"Bank Charges",2027,June 2026
2026-06-08,"Other Bank ATM Cash Withdrawal",-1000,,1702,"Director's Loan Account",2027,June 2026
2026-06-09,"Fee: Electricity Purchase",-1.6,,6020,"Utilities",2027,June 2026
2026-06-09,"Electricity Purchase",-250,,6020,"Utilities",2027,June 2026
2026-06-09,"Cheque Card Purchase - C*Cellars Paarl",-155,,1702,"Director's Loan Account",2027,June 2026
2026-06-09,"Credit Transfer - Yagdan Manufacturing",3746.71,,4001,"Sales / Revenue",2027,June 2026
2026-06-09,"Cheque Card Purchase - Hpy*Arfan Shop",-57,,1702,"Director's Loan Account",2027,June 2026
2026-06-09,"Electricity Purchase",-100,,6020,"Utilities",2027,June 2026
2026-06-09,"Magtape Credit - Jlinx Electrical",2213.75,,4001,"Sales / Revenue",2027,June 2026
2026-06-09,"Fee: Electricity Purchase",-1.6,,6020,"Utilities",2027,June 2026
2026-06-09,"Cheque Card Purchase - Alst*Lovezent",-150.46,,1702,"Director's Loan Account",2027,June 2026
2026-06-09,"Bank Charges - International",-4.14,,6004,"Bank Charges",2027,June 2026
2026-06-09,"Cheque Card Purchase - C*BP Paarl",-500,,6011,"Motor Vehicle Expenses",2027,June 2026
2026-06-09,"Cheque Card Purchase - Ultra Liquor",-199.99,,1702,"Director's Loan Account",2027,June 2026
2026-06-10,"Cheque Card Purchase - CX Fresh X Drive",-286.08,,1702,"Director's Loan Account",2027,June 2026
2026-06-10,"Credit Transfer - Hoekstra Fruit Farms",5348.66,,4001,"Sales / Revenue",2027,June 2026
2026-06-10,"IB Payment To Sunbrite Forklifts Agri Hermon",-1213.25,,5001,"Cost of Goods Sold",2027,June 2026
2026-06-10,"Fee - Electronic Account Payment",-6.1,,6004,"Bank Charges",2027,June 2026
2026-06-10,"Cheque Card Purchase - Ultra Liquor",-89.99,,1702,"Director's Loan Account",2027,June 2026
2026-06-10,"IB Payment To TL Testing Load Test",-1500,,1702,"Director's Loan Account",2027,June 2026
2026-06-10,"Cheque Card Purchase - Ultra Liquor",-290.98,,1702,"Director's Loan Account",2027,June 2026
2026-06-10,"Fee - Electronic Account Payment",-6.1,,6004,"Bank Charges",2027,June 2026
2026-06-10,"Cheque Card Purchase - PnP Express Paarl",-65,,1702,"Director's Loan Account",2027,June 2026
2026-06-10,"Cheque Card Purchase - Platinum Lounge",-145,,1702,"Director's Loan Account",2027,June 2026
2026-06-10,"Cheque Card Purchase - Bhyan General",-46,,1702,"Director's Loan Account",2027,June 2026
2026-06-10,"Fee: Payment Confirm - SMS (TL Testing)",-1.2,,6004,"Bank Charges",2027,June 2026
2026-06-10,"Fee: Payment Confirm - SMS (Sunbrite Forklifts)",-1.2,,5001,"Cost of Goods Sold",2027,June 2026
2026-06-12,"Payshap Payment To Sekkie",-550,,6022,"Director's Remuneration",2027,June 2026
2026-06-12,"Value Loaded To Virtual Card",-5000,,1702,"Director's Loan Account",2027,June 2026
2026-06-12,"Debit Transfer - SA Home Loans",-15092.32,,1702,"Director's Loan Account",2027,June 2026
2026-06-12,"Payshap Payment To Look",-1050,,6022,"Director's Remuneration",2027,June 2026
2026-06-12,"Fee: Payment Confirm - SMS (Zedine)",-1.2,,6022,"Director's Remuneration",2027,June 2026
2026-06-12,"Cheque Card Purchase - PnP Express Paarl",-65,,1702,"Director's Loan Account",2027,June 2026
2026-06-12,"Fee: Payment Confirm - SMS (Mr LI Abrahams)",-1.2,,6022,"Director's Remuneration",2027,June 2026
2026-06-12,"Cash Withdrawal Fee",-22.4,,6004,"Bank Charges",2027,June 2026
2026-06-12,"Fee: Payshap Payment",-7,,6004,"Bank Charges",2027,June 2026
2026-06-12,"Cheque Card Purchase - Drakenstein Kaap Agri",-45,,1702,"Director's Loan Account",2027,June 2026
2026-06-12,"Fee: Payshap Payment",-7,,6004,"Bank Charges",2027,June 2026
2026-06-12,"Cash Withdrawal Fee",-14,,6004,"Bank Charges",2027,June 2026
2026-06-12,"Autobank Cash Withdrawal",-500,,1702,"Director's Loan Account",2027,June 2026
2026-06-12,"RTD-Not Provided For - SA Home Loans",15092.32,,1702,"Director's Loan Account",2027,June 2026
2026-06-12,"Cheque Card Purchase - C*BP Paarl",-500,,6011,"Motor Vehicle Expenses",2027,June 2026
2026-06-12,"Other Bank ATM Cash Withdrawal",-800,,1702,"Director's Loan Account",2027,June 2026
2026-06-12,"Fee-Unpaid Item",-25,,6004,"Bank Charges",2027,June 2026
2026-06-12,"Fee - Debit Order",-4,,6004,"Bank Charges",2027,June 2026
2026-06-13,"Cheque Card Purchase - Superspar Paarl",-82,,1702,"Director's Loan Account",2027,June 2026
2026-06-13,"Cheque Card Purchase - FLM Paarl",-207.77,,1702,"Director's Loan Account",2027,June 2026
2026-06-15,"Value Unload From Virtual Card",1300,,1702,"Director's Loan Account",2027,June 2026
2026-06-15,"Cheque Card Purchase - Ultra Liquor",-199.99,,1702,"Director's Loan Account",2027,June 2026
2026-06-15,"Debit Card Purchase - Die Visfabriek Paarl",-2,,1702,"Director's Loan Account",2027,June 2026
2026-06-15,"Debit Card Purchase - Die Visfabriek Paarl",-114.8,,1702,"Director's Loan Account",2027,June 2026
2026-06-15,"Cheque Card Purchase - Furball Pet Store",-190,,1702,"Director's Loan Account",2027,June 2026
2026-06-15,"Cheque Card Purchase - C*OK Paarl",-295.86,,1702,"Director's Loan Account",2027,June 2026
2026-06-15,"Cheque Card Purchase - Tops Paarl",-171.4,,1702,"Director's Loan Account",2027,June 2026
2026-06-17,"Fee - Electronic Account Payment",-6.1,,6004,"Bank Charges",2027,June 2026
2026-06-17,"Credit Transfer - Capitec Mooibly",1650.25,,4001,"Sales / Revenue",2027,June 2026
2026-06-17,"Cheque Card Purchase - Delite Take Away",-109,,1702,"Director's Loan Account",2027,June 2026
2026-06-17,"IB Payment To SA Home Loans Trust Bond",-15200,,1702,"Director's Loan Account",2027,June 2026
2026-06-17,"IB Payment To Nedbank Credit Card",-2000,,5001,"Cost of Goods Sold",2027,June 2026
2026-06-17,"Payshap Payment From A J Forklift",30000,,4001,"Sales / Revenue",2027,June 2026
2026-06-17,"Cheque Card Purchase - CC Fresh X Op",-240.39,,1702,"Director's Loan Account",2027,June 2026
2026-06-17,"Credit Transfer - Hoekstra Fruit Farms Inv3076",2795.08,,4001,"Sales / Revenue",2027,June 2026
2026-06-17,"Fee - Electronic Account Payment",-6.1,,6004,"Bank Charges",2027,June 2026
2026-06-17,"Cheque Card Purchase - Build It Boland",-379,,1702,"Director's Loan Account",2027,June 2026
2026-06-17,"Fee: Payment Confirm - Email (Nedbank Credit Card)",-0.8,,5001,"Cost of Goods Sold",2027,June 2026
2026-06-18,"Cheque Card Purchase - OK Minimark",-72.97,,1702,"Director's Loan Account",2027,June 2026
2026-06-18,"Fee: Electricity Purchase",-1.6,,6020,"Utilities",2027,June 2026
2026-06-18,"Cheque Card Purchase - Ultra Liquor",-199.99,,1702,"Director's Loan Account",2027,June 2026
2026-06-18,"Electricity Purchase",-500,,6020,"Utilities",2027,June 2026
2026-06-18,"Cheque Card Purchase - C*Filco Parts",-3212.19,,5001,"Cost of Goods Sold",2027,June 2026
2026-06-18,"Electricity Purchase",-50,,6020,"Utilities",2027,June 2026
2026-06-18,"Fee: Electricity Purchase",-1.6,,6020,"Utilities",2027,June 2026
2026-06-18,"Cheque Card Purchase - Hpy*Arfan Shop",-112,,1702,"Director's Loan Account",2027,June 2026
2026-06-19,"Cheque Card Purchase - Drakenstein Municipal",-594,,6020,"Utilities",2027,June 2026
2026-06-19,"Payshap Payment To Sekkie",-400,,6022,"Director's Remuneration",2027,June 2026
2026-06-19,"Cash Withdrawal Fee",-22.4,,6004,"Bank Charges",2027,June 2026
2026-06-19,"IB Payment From Quality Food Basket",3122.25,,4001,"Sales / Revenue",2027,June 2026
2026-06-19,"Cheque Card Purchase - Ultra Liquor",-199.99,,1702,"Director's Loan Account",2027,June 2026
2026-06-19,"Fee: Payshap Payment",-7,,6004,"Bank Charges",2027,June 2026
2026-06-19,"Cheque Card Purchase - Yoco *South",-189.75,,1702,"Director's Loan Account",2027,June 2026
2026-06-19,"Fee: Payshap Payment",-7,,6004,"Bank Charges",2027,June 2026
2026-06-19,"Autobank Cash Withdrawal",-750,,1702,"Director's Loan Account",2027,June 2026
2026-06-19,"Fee: Payment Confirm - SMS (Mr LI Abrahams)",-1.2,,6022,"Director's Remuneration",2027,June 2026
2026-06-19,"Fee: Payment Confirm - SMS (Zedine)",-1.2,,6022,"Director's Remuneration",2027,June 2026
2026-06-19,"Payshap Payment To Look",-1500,,6022,"Director's Remuneration",2027,June 2026
2026-06-20,"Cheque Card Purchase - Hpy*Arfan Shop",-66,,1702,"Director's Loan Account",2027,June 2026
2026-06-20,"Fee: Payment Confirm - SMS (Haygan Johnson)",-1.2,,6022,"Director's Remuneration",2027,June 2026
2026-06-20,"Cheque Card Purchase - C*Dis-Chem Paarl",-215.62,,1702,"Director's Loan Account",2027,June 2026
2026-06-20,"IB Payment To Haygan Johnson",-500,,6022,"Director's Remuneration",2027,June 2026
2026-06-20,"Other Bank ATM Cash Withdrawal",-1000,,1702,"Director's Loan Account",2027,June 2026
2026-06-20,"Cheque Card Purchase - Kaap Agri Express",-500,,1702,"Director's Loan Account",2027,June 2026
2026-06-20,"Cheque Card Purchase - Expressmark",-98.98,,1702,"Director's Loan Account",2027,June 2026
2026-06-20,"Fee - Electronic Account Payment",-6.1,,6004,"Bank Charges",2027,June 2026
2026-06-20,"Cheque Card Purchase - Sac Trucks Paarl",-1837.7,,5001,"Cost of Goods Sold",2027,June 2026
2026-06-20,"Cash Withdrawal Fee",-28,,6004,"Bank Charges",2027,June 2026
2026-06-20,"Cheque Card Purchase - Engen Drakenstein",-200,,6011,"Motor Vehicle Expenses",2027,June 2026
2026-06-20,"Cheque Card Purchase - C*Diesel Electrical",-755.21,,5001,"Cost of Goods Sold",2027,June 2026
2026-06-22,"Cheque Card Purchase - Slagerij Van",-1346,,1702,"Director's Loan Account",2027,June 2026
2026-06-22,"Autobank Cash Withdrawal",-800,,1702,"Director's Loan Account",2027,June 2026
2026-06-22,"Cash Withdrawal Fee",-22.4,,6004,"Bank Charges",2027,June 2026
2026-06-22,"Other Bank ATM Cash Withdrawal",-600,,1702,"Director's Loan Account",2027,June 2026
2026-06-22,"Cheque Card Purchase - Ultra Liquor",-199.99,,1702,"Director's Loan Account",2027,June 2026
2026-06-22,"Cash Withdrawal Fee",-16.8,,6004,"Bank Charges",2027,June 2026
2026-06-22,"Credit Transfer - Three Streams Smokehouse",2262.63,,4001,"Sales / Revenue",2027,June 2026
2026-06-23,"Cheque Card Purchase - Boland Hair Studio",-60,,1702,"Director's Loan Account",2027,June 2026
2026-06-23,"Fee - Electronic Account Payment",-6.1,,6004,"Bank Charges",2027,June 2026
2026-06-23,"Fee: Payment Confirm - SMS (Sunbrite Forklifts)",-1.2,,5001,"Cost of Goods Sold",2027,June 2026
2026-06-23,"Cheque Card Purchase - C*BP Wynland",-500,,6011,"Motor Vehicle Expenses",2027,June 2026
2026-06-23,"Value Unload From Virtual Card",2500,,1702,"Director's Loan Account",2027,June 2026
2026-06-23,"IB Payment To Sunbrite Forklifts Agri Hermon",-7357.7,,5001,"Cost of Goods Sold",2027,June 2026
2026-06-24,"Electronic Banking Payment - Inv 3072 Bourbon Fruit",4663.25,,4001,"Sales / Revenue",2027,June 2026
2026-06-25,"Overdraft Interest",-667.62,,6004,"Bank Charges",2027,June 2026
2026-06-25,"Cheque Card Purchase - C*BP Wynland",-500,,6011,"Motor Vehicle Expenses",2027,June 2026
2026-06-25,"Magtape Credit - Inv 3082",2500,,4001,"Sales / Revenue",2027,June 2026
2026-06-25,"Credit Transfer - Yagdan Manufacturing",25775.89,,4001,"Sales / Revenue",2027,June 2026
2026-06-25,"Credit Life Protection",-228.22,,6008,"Insurance",2027,June 2026
2026-06-26,"Payshap Payment From Mandy Johnson",2000,,6022,"Director's Remuneration",2027,June 2026
2026-06-27,"Autobank Cash Deposit",10000,,1702,"Director's Loan Account",2027,June 2026
2026-06-27,"Cash Deposit Fee - Autobank",-140.8,,6004,"Bank Charges",2027,June 2026
2026-06-27,"Cheque Card Purchase - C*Fowkes Bros",-34.76,,1702,"Director's Loan Account",2027,June 2026
2026-06-29,"Electricity Purchase",-500,,6020,"Utilities",2027,June 2026
2026-06-29,"Fee: Electricity Purchase",-1.6,,6020,"Utilities",2027,June 2026
2026-06-29,"Cheque Card Purchase - C*BP Wynland",-500,,6011,"Motor Vehicle Expenses",2027,June 2026
2026-06-30,"Monthly Management Fee",-15,,6004,"Bank Charges",2027,June 2026
2026-06-30,"Cheque Card Purchase - Bacchus Sport",-109,,1702,"Director's Loan Account",2027,June 2026
2026-06-30,"Fee - Debit Order",-4,,6004,"Bank Charges",2027,June 2026
2026-06-30,"Telephone Account - Telkom Mobile",-976.19,,6018,"Telephone",2027,June 2026
2026-06-30,"JNL-17: MFC instalment 2026-06-30 - interest portion (loan amortization)",-9107.69,,2102,"MFC Vehicle Finance - Isuzu",2027,JNL-17
2026-06-30,"Fee - Debit Order",-4,,6004,"Bank Charges",2027,June 2026
2026-06-30,"Debit Transfer - SA Home Loans",-7546.16,,1702,"Director's Loan Account",2027,June 2026
2026-06-30,"Fee - Debit Order",-4,,6004,"Bank Charges",2027,June 2026
2026-06-30,"Registered DC Debit - Dotsure",-399,,6008,"Insurance",2027,June 2026
2026-06-30,"Fee - Debit Order",-4,,6004,"Bank Charges",2027,June 2026
2026-06-30,"JNL-17: MFC instalment 2026-06-30 - interest portion (loan amortization)",9107.69,,6030,"Finance Charges - Vehicle Loan",2027,JNL-17
2026-06-30,"Fee - Debit Order",-4,,6004,"Bank Charges",2027,June 2026
2026-06-30,"Fee - Debit Order",-4,,6004,"Bank Charges",2027,June 2026
2026-06-30,"Cheque Card Purchase - Air Lounge",-187,,1702,"Director's Loan Account",2027,June 2026
2026-06-30,"Fee: MyUpdates For Business",-47.7,,6004,"Bank Charges",2027,June 2026
2026-06-30,"Cheque Card Purchase - Ultra Liquor",-202,,1702,"Director's Loan Account",2027,June 2026
2026-06-30,"Insurance Premium - Omistinsurpom",-2034.14,,6008,"Insurance",2027,June 2026
2026-06-30,"Debit Transfer - SA Home Loans",-3495,,1702,"Director's Loan Account",2027,June 2026
2026-06-30,"Overdraft Service Fee",-99,,6004,"Bank Charges",2027,June 2026
2026-06-30,"Registered DC Debit - Nedabf/MFC",-13361.23,,2102,"MFC Vehicle Finance - Isuzu",2027,June 2026
2026-06-30,"Fee: Unused Facility",-14.63,,6004,"Bank Charges",2027,June 2026